[     228ms] [WARNING] [Vue warn]: (deprecation GLOBAL_EXTEND) Vue.extend() has been removed in Vue 3. Use defineComponent() instead.
  Details: https://vuejs.org/api/general.html#definecomponent @ http://localhost:5174/node_modules/.vite/deps/chunk-77GDWHOT.js?v=79eaa276:2209
[     246ms] [WARNING] [Vue warn]: (deprecation GLOBAL_MOUNT) The global app bootstrapping API has changed: vm.$mount() and the "el" option have been removed. Use createApp(RootComponent).mount() instead.
  Details: https://v3-migration.vuejs.org/breaking-changes/global-api.html#mounting-app-instance @ http://localhost:5174/node_modules/.vite/deps/chunk-77GDWHOT.js?v=79eaa276:2209
[     249ms] [WARNING] [Vue warn]: (deprecation WATCH_ARRAY) "watch" option or vm.$watch on an array value will no longer trigger on array mutation unless the "deep" option is specified. If current usage is intended, you can disable the compat behavior and suppress this warning with:

  configureCompat({ WATCH_ARRAY: false })

  Details: https://v3-migration.vuejs.org/breaking-changes/watch.html @ http://localhost:5174/node_modules/.vite/deps/chunk-77GDWHOT.js?v=79eaa276:2209
[     267ms] [WARNING] [BootstrapVue warn]: Multiple instances of Vue detected!
You may need to set up an alias for Vue in your bundler config.
See: https://bootstrap-vue.org/docs#using-module-bundlers @ http://localhost:5174/node_modules/.vite/deps/bootstrap-vue.js?v=79eaa276:730
[     267ms] [WARNING] [Vue warn]: (deprecation GLOBAL_PROTOTYPE) Vue.prototype is no longer available in Vue 3. Use app.config.globalProperties instead.
  Details: https://v3-migration.vuejs.org/breaking-changes/global-api.html#vue-prototype-replaced-by-config-globalproperties @ http://localhost:5174/node_modules/.vite/deps/chunk-77GDWHOT.js?v=79eaa276:2209
[     267ms] [WARNING] [Vue warn]: Component "BFormRow" has already been registered in target app. @ http://localhost:5174/node_modules/.vite/deps/chunk-77GDWHOT.js?v=79eaa276:2209
[     268ms] [WARNING] [Vue warn]: Plugin has already been applied to target app. @ http://localhost:5174/node_modules/.vite/deps/chunk-77GDWHOT.js?v=79eaa276:2209
[     268ms] [WARNING] [Vue warn]: Plugin has already been applied to target app. @ http://localhost:5174/node_modules/.vite/deps/chunk-77GDWHOT.js?v=79eaa276:2209
[     268ms] [WARNING] [Vue warn]: Plugin has already been applied to target app. @ http://localhost:5174/node_modules/.vite/deps/chunk-77GDWHOT.js?v=79eaa276:2209
[     268ms] [WARNING] [Vue warn]: Plugin has already been applied to target app. @ http://localhost:5174/node_modules/.vite/deps/chunk-77GDWHOT.js?v=79eaa276:2209
[     268ms] [WARNING] [Vue warn]: Plugin has already been applied to target app. @ http://localhost:5174/node_modules/.vite/deps/chunk-77GDWHOT.js?v=79eaa276:2209
[     268ms] [WARNING] [Vue warn]: Directive "BModal" has already been registered in target app. @ http://localhost:5174/node_modules/.vite/deps/chunk-77GDWHOT.js?v=79eaa276:2209
[     268ms] [WARNING] [Vue warn]: Plugin has already been applied to target app. @ http://localhost:5174/node_modules/.vite/deps/chunk-77GDWHOT.js?v=79eaa276:2209
[     268ms] [WARNING] [Vue warn]: Plugin has already been applied to target app. @ http://localhost:5174/node_modules/.vite/deps/chunk-77GDWHOT.js?v=79eaa276:2209
[     268ms] [WARNING] [Vue warn]: Plugin has already been applied to target app. @ http://localhost:5174/node_modules/.vite/deps/chunk-77GDWHOT.js?v=79eaa276:2209
[     271ms] [WARNING] [Vue warn]: (deprecation CONFIG_DEVTOOLS) config.devtools has been removed. To enable devtools for production, configure the __VUE_PROD_DEVTOOLS__ compile-time flag.
  Details: https://github.com/vuejs/core/tree/main/packages/vue#bundler-build-feature-flags @ http://localhost:5174/node_modules/.vite/deps/chunk-77GDWHOT.js?v=79eaa276:2209
[     285ms] [LOG] Trying to fetch tenant data @ http://localhost:5174/src/state.js:262
[     597ms] [LOG] {tenant: Array(9)} @ http://localhost:5174/src/state.js:266
[     601ms] [WARNING] [Vue warn]: (deprecation RENDER_FUNCTION) Vue 3's render function API has changed. You can opt-in to the new API with:

  configureCompat({ RENDER_FUNCTION: false })

  (This can also be done per-component via the "compatConfig" option.)
  Details: https://v3-migration.vuejs.org/breaking-changes/render-function-api.html 
  at <BNavbar toggleable="lg" type="dark" variant="primary"  ... > 
  at <NavHeader> 
  at <App> @ http://localhost:5174/node_modules/.vite/deps/chunk-77GDWHOT.js?v=79eaa276:2209
[     601ms] [WARNING] [Vue warn]: (deprecation INSTANCE_SCOPED_SLOTS) vm.$scopedSlots has been removed. Use vm.$slots instead.
  Details: https://v3-migration.vuejs.org/breaking-changes/slots-unification.html 
  at <BNavbar toggleable="lg" type="dark" variant="primary"  ... > 
  at <NavHeader> 
  at <App> @ http://localhost:5174/node_modules/.vite/deps/chunk-77GDWHOT.js?v=79eaa276:2209
[     602ms] [WARNING] [Vue warn]: (deprecation COMPONENT_FUNCTIONAL) Functional component <BContainer> should be defined as a plain function in Vue 3. The "functional" option has been removed. NOTE: Before migrating to use plain functions for functional components, first make sure that all async components usage have been migrated and its compat behavior has been disabled.
  Details: https://v3-migration.vuejs.org/breaking-changes/functional-components.html 
  at <BNavbar toggleable="lg" type="dark" variant="primary"  ... > 
  at <NavHeader> 
  at <App> @ http://localhost:5174/node_modules/.vite/deps/chunk-77GDWHOT.js?v=79eaa276:2209
[     603ms] [WARNING] [Vue warn]: (deprecation INSTANCE_LISTENERS) vm.$listeners has been removed. In Vue 3, parent v-on listeners are included in vm.$attrs and it is no longer necessary to separately use v-on="$listeners" if you are already using v-bind="$attrs". (Note: the Vue 3 behavior only applies if this compat config is disabled)
  Details: https://v3-migration.vuejs.org/breaking-changes/listeners-removed.html 
  at <BContainer fluid="md" > 
  at <BNavbar toggleable="lg" type="dark" variant="primary"  ... > 
  at <NavHeader> 
  at <App> @ http://localhost:5174/node_modules/.vite/deps/chunk-77GDWHOT.js?v=79eaa276:2209
[     604ms] [WARNING] [Vue warn]: (deprecation INSTANCE_LISTENERS) (2) 
  at <BNavbarNav class="d-lg-none" > 
  at <BContainer fluid="md" > 
  at <BNavbar toggleable="lg" type="dark" variant="primary"  ... > 
  at <NavHeader> 
  at <App> @ http://localhost:5174/node_modules/.vite/deps/chunk-77GDWHOT.js?v=79eaa276:2209
[     604ms] [WARNING] [Vue warn]: (deprecation INSTANCE_LISTENERS) (3) 
  at <BNavItem class="mr-2" onClick=fn > 
  at <BNavbarNav class="d-lg-none" > 
  at <BContainer fluid="md" > 
  at <BNavbar toggleable="lg" type="dark" variant="primary"  ... > 
  at <NavHeader> 
  at <App> @ http://localhost:5174/node_modules/.vite/deps/chunk-77GDWHOT.js?v=79eaa276:2209
[     605ms] [WARNING] [Vue warn]: (deprecation RENDER_FUNCTION) (2) 
  at <BLink class="nav-link" onClick=fn active=false  ... > 
  at <BNavItem class="mr-2" onClick=fn > 
  at <BNavbarNav class="d-lg-none" > 
  at <BContainer fluid="md" > 
  at <BNavbar toggleable="lg" type="dark" variant="primary"  ... > 
  at <NavHeader> 
  at <App> @ http://localhost:5174/node_modules/.vite/deps/chunk-77GDWHOT.js?v=79eaa276:2209
[     605ms] [WARNING] [Vue warn]: (deprecation OPTIONS_DATA_MERGE) Detected conflicting key "bvListeners" when merging data option values. In Vue 3, data keys are merged shallowly and will override one another.
  Details: https://v3-migration.vuejs.org/breaking-changes/data-option.html#mixin-merge-behavior-change 
  at <BLink class="nav-link" onClick=fn active=false  ... > 
  at <BNavItem class="mr-2" onClick=fn > 
  at <BNavbarNav class="d-lg-none" > 
  at <BContainer fluid="md" > 
  at <BNavbar toggleable="lg" type="dark" variant="primary"  ... > 
  at <NavHeader> 
  at <App> @ http://localhost:5174/node_modules/.vite/deps/chunk-77GDWHOT.js?v=79eaa276:2209
[     605ms] [WARNING] [Vue warn]: (deprecation INSTANCE_LISTENERS) (4) 
  at <BLink class="nav-link" onClick=fn active=false  ... > 
  at <BNavItem class="mr-2" onClick=fn > 
  at <BNavbarNav class="d-lg-none" > 
  at <BContainer fluid="md" > 
  at <BNavbar toggleable="lg" type="dark" variant="primary"  ... > 
  at <NavHeader> 
  at <App> @ http://localhost:5174/node_modules/.vite/deps/chunk-77GDWHOT.js?v=79eaa276:2209
[     605ms] [WARNING] [Vue warn]: (deprecation OPTIONS_BEFORE_DESTROY) `beforeDestroy` has been renamed to `beforeUnmount`. 
  at <BLink class="nav-link" onClick=fn active=false  ... > 
  at <BNavItem class="mr-2" onClick=fn > 
  at <BNavbarNav class="d-lg-none" > 
  at <BContainer fluid="md" > 
  at <BNavbar toggleable="lg" type="dark" variant="primary"  ... > 
  at <NavHeader> 
  at <App> @ http://localhost:5174/node_modules/.vite/deps/chunk-77GDWHOT.js?v=79eaa276:2209
[     606ms] [WARNING] [Vue warn]: (deprecation INSTANCE_SCOPED_SLOTS) (2) 
  at <BLink class="nav-link" onClick=fn active=false  ... > 
  at <BNavItem class="mr-2" onClick=fn > 
  at <BNavbarNav class="d-lg-none" > 
  at <BContainer fluid="md" > 
  at <BNavbar toggleable="lg" type="dark" variant="primary"  ... > 
  at <NavHeader> 
  at <App> @ http://localhost:5174/node_modules/.vite/deps/chunk-77GDWHOT.js?v=79eaa276:2209
[     606ms] [WARNING] [Vue warn]: (deprecation INSTANCE_ATTRS_CLASS_STYLE) Component <BLink> has `inheritAttrs: false` but is relying on class/style fallthrough from parent. In Vue 3, class/style are now included in $attrs and will no longer fallthrough when inheritAttrs is false. If you are already using v-bind="$attrs" on component root it should render the same end result. If you are binding $attrs to a non-root element and expecting class/style to fallthrough on root, you will need to now manually bind them on root via :class="$attrs.class".
  Details: https://v3-migration.vuejs.org/breaking-changes/attrs-includes-class-style.html 
  at <BLink class="nav-link" onClick=fn active=false  ... > 
  at <BNavItem class="mr-2" onClick=fn > 
  at <BNavbarNav class="d-lg-none" > 
  at <BContainer fluid="md" > 
  at <BNavbar toggleable="lg" type="dark" variant="primary"  ... > 
  at <NavHeader> 
  at <App> @ http://localhost:5174/node_modules/.vite/deps/chunk-77GDWHOT.js?v=79eaa276:2209
[     606ms] [WARNING] [Vue warn]: (deprecation INSTANCE_LISTENERS) (5) 
  at <BButton variant="outline-primary" > 
  at <BLink class="nav-link" onClick=fn active=false  ... > 
  at <BNavItem class="mr-2" onClick=fn > 
  at <BNavbarNav class="d-lg-none" > 
  at <BContainer fluid="md" > 
  at <BNavbar toggleable="lg" type="dark" variant="primary"  ... > 
  at <NavHeader> 
  at <App> @ http://localhost:5174/node_modules/.vite/deps/chunk-77GDWHOT.js?v=79eaa276:2209
[     607ms] [WARNING] [Vue warn]: (deprecation INSTANCE_LISTENERS) (6) 
  at <BIcon icon="arrow-left" > 
  at <BButton variant="outline-primary" > 
  at <BLink class="nav-link" onClick=fn active=false  ... > 
  at <BNavItem class="mr-2" onClick=fn > 
  at <BNavbarNav class="d-lg-none" > 
  at <BContainer fluid="md" > 
  at <BNavbar toggleable="lg" type="dark" variant="primary"  ... > 
  at <NavHeader> 
  at <App> @ http://localhost:5174/node_modules/.vite/deps/chunk-77GDWHOT.js?v=79eaa276:2209
[     607ms] [WARNING] [Vue warn]: (deprecation COMPONENT_FUNCTIONAL) (2) 
  at <BIcon icon="arrow-left" > 
  at <BButton variant="outline-primary" > 
  at <BLink class="nav-link" onClick=fn active=false  ... > 
  at <BNavItem class="mr-2" onClick=fn > 
  at <BNavbarNav class="d-lg-none" > 
  at <BContainer fluid="md" > 
  at <BNavbar toggleable="lg" type="dark" variant="primary"  ... > 
  at <NavHeader> 
  at <App> @ http://localhost:5174/node_modules/.vite/deps/chunk-77GDWHOT.js?v=79eaa276:2209
[     607ms] [WARNING] [Vue warn]: (deprecation INSTANCE_LISTENERS) (7) 
  at <BIconBlank icon="arrow-left" animation=undefined flipH=false  ... > 
  at <BIcon icon="arrow-left" > 
  at <BButton variant="outline-primary" > 
  at <BLink class="nav-link" onClick=fn active=false  ... > 
  at <BNavItem class="mr-2" onClick=fn > 
  at <BNavbarNav class="d-lg-none" > 
  at <BContainer fluid="md" > 
  at <BNavbar toggleable="lg" type="dark" variant="primary"  ... > 
  at <NavHeader> 
  at <App> @ http://localhost:5174/node_modules/.vite/deps/chunk-77GDWHOT.js?v=79eaa276:2209
[     608ms] [WARNING] [Vue warn]: (deprecation COMPONENT_FUNCTIONAL) (3) 
  at <BIconBlank icon="arrow-left" animation=undefined flipH=false  ... > 
  at <BIcon icon="arrow-left" > 
  at <BButton variant="outline-primary" > 
  at <BLink class="nav-link" onClick=fn active=false  ... > 
  at <BNavItem class="mr-2" onClick=fn > 
  at <BNavbarNav class="d-lg-none" > 
  at <BContainer fluid="md" > 
  at <BNavbar toggleable="lg" type="dark" variant="primary"  ... > 
  at <NavHeader> 
  at <App> @ http://localhost:5174/node_modules/.vite/deps/chunk-77GDWHOT.js?v=79eaa276:2209
[     608ms] [WARNING] [Vue warn]: (deprecation INSTANCE_LISTENERS) (8) 
  at <BIconBase aria-label="blank" icon="arrow-left" title=undefined  ... > 
  at <BIconBlank icon="arrow-left" animation=undefined flipH=false  ... > 
  at <BIcon icon="arrow-left" > 
  at <BButton variant="outline-primary" > 
  at <BLink class="nav-link" onClick=fn active=false  ... > 
  at <BNavItem class="mr-2" onClick=fn > 
  at <BNavbarNav class="d-lg-none" > 
  at <BContainer fluid="md" > 
  at <BNavbar toggleable="lg" type="dark" variant="primary"  ... > 
  at <NavHeader> 
  at <App> @ http://localhost:5174/node_modules/.vite/deps/chunk-77GDWHOT.js?v=79eaa276:2209
[     610ms] [WARNING] [Vue warn]: (deprecation INSTANCE_LISTENERS) (9) 
  at <BNavbarBrand href="https://www.earthcube.org/geocodes" target="_blank" class="mr-0" > 
  at <BContainer fluid="md" > 
  at <BNavbar toggleable="lg" type="dark" variant="primary"  ... > 
  at <NavHeader> 
  at <App> @ http://localhost:5174/node_modules/.vite/deps/chunk-77GDWHOT.js?v=79eaa276:2209
[     612ms] [WARNING] [Vue warn]: (deprecation RENDER_FUNCTION) (3) 
  at <BNavbarToggle target="nav-collapse" > 
  at <BContainer fluid="md" > 
  at <BNavbar toggleable="lg" type="dark" variant="primary"  ... > 
  at <NavHeader> 
  at <App> @ http://localhost:5174/node_modules/.vite/deps/chunk-77GDWHOT.js?v=79eaa276:2209
[     613ms] [WARNING] [Vue warn]: (deprecation INSTANCE_EVENT_EMITTER) vm.$on/$once/$off() have been removed. Use an external event emitter library instead.
  Details: https://v3-migration.vuejs.org/breaking-changes/events-api.html 
  at <BNavbarToggle target="nav-collapse" > 
  at <BContainer fluid="md" > 
  at <BNavbar toggleable="lg" type="dark" variant="primary"  ... > 
  at <NavHeader> 
  at <App> @ http://localhost:5174/node_modules/.vite/deps/chunk-77GDWHOT.js?v=79eaa276:2209
[     613ms] [WARNING] [Vue warn]: (deprecation OPTIONS_BEFORE_DESTROY) (2) 
  at <BNavbarToggle target="nav-collapse" > 
  at <BContainer fluid="md" > 
  at <BNavbar toggleable="lg" type="dark" variant="primary"  ... > 
  at <NavHeader> 
  at <App> @ http://localhost:5174/node_modules/.vite/deps/chunk-77GDWHOT.js?v=79eaa276:2209
[     613ms] [WARNING] [Vue warn]: (deprecation INSTANCE_SCOPED_SLOTS) (3) 
  at <BNavbarToggle target="nav-collapse" > 
  at <BContainer fluid="md" > 
  at <BNavbar toggleable="lg" type="dark" variant="primary"  ... > 
  at <NavHeader> 
  at <App> @ http://localhost:5174/node_modules/.vite/deps/chunk-77GDWHOT.js?v=79eaa276:2209
[     613ms] [WARNING] [Vue warn]: (deprecation CUSTOM_DIR) Custom directive hook "bind" has been removed. Use "beforeMount" instead.
  Details: https://v3-migration.vuejs.org/breaking-changes/custom-directives.html 
  at <BNavbarToggle target="nav-collapse" > 
  at <BContainer fluid="md" > 
  at <BNavbar toggleable="lg" type="dark" variant="primary"  ... > 
  at <NavHeader> 
  at <App> @ http://localhost:5174/node_modules/.vite/deps/chunk-77GDWHOT.js?v=79eaa276:2209
[     614ms] [WARNING] [Vue warn]: (deprecation RENDER_FUNCTION) (4) 
  at <BCollapse id="nav-collapse" is-nav="" > 
  at <BContainer fluid="md" > 
  at <BNavbar toggleable="lg" type="dark" variant="primary"  ... > 
  at <NavHeader> 
  at <App> @ http://localhost:5174/node_modules/.vite/deps/chunk-77GDWHOT.js?v=79eaa276:2209
[     614ms] [WARNING] [Vue warn]: (deprecation OPTIONS_BEFORE_DESTROY) (3) 
  at <BCollapse id="nav-collapse" is-nav="" > 
  at <BContainer fluid="md" > 
  at <BNavbar toggleable="lg" type="dark" variant="primary"  ... > 
  at <NavHeader> 
  at <App> @ http://localhost:5174/node_modules/.vite/deps/chunk-77GDWHOT.js?v=79eaa276:2209
[     614ms] [WARNING] [Vue warn]: (deprecation INSTANCE_SCOPED_SLOTS) (4) 
  at <BCollapse id="nav-collapse" is-nav="" > 
  at <BContainer fluid="md" > 
  at <BNavbar toggleable="lg" type="dark" variant="primary"  ... > 
  at <NavHeader> 
  at <App> @ http://localhost:5174/node_modules/.vite/deps/chunk-77GDWHOT.js?v=79eaa276:2209
[     615ms] [WARNING] [Vue warn]: (deprecation COMPONENT_FUNCTIONAL) (4) 
  at <BCollapse id="nav-collapse" is-nav="" > 
  at <BContainer fluid="md" > 
  at <BNavbar toggleable="lg" type="dark" variant="primary"  ... > 
  at <NavHeader> 
  at <App> @ http://localhost:5174/node_modules/.vite/deps/chunk-77GDWHOT.js?v=79eaa276:2209
[     615ms] [WARNING] [Vue warn]: (deprecation INSTANCE_LISTENERS) (10) 
  at <BVCollapse onEnter=fn<bound onEnter3> onAfterEnter=fn<bound onAfterEnter3> onLeave=fn<bound onLeave3>  ... > 
  at <BCollapse id="nav-collapse" is-nav="" > 
  at <BContainer fluid="md" > 
  at <BNavbar toggleable="lg" type="dark" variant="primary"  ... > 
  at <NavHeader> 
  at <App> @ http://localhost:5174/node_modules/.vite/deps/chunk-77GDWHOT.js?v=79eaa276:2209
[     617ms] [WARNING] [Vue warn]: (deprecation INSTANCE_LISTENERS) (11) 
  at <BNavForm onSubmit=fn > 
  at <BNavbarNav class="ml-auto menu_nav" > 
  at <BaseTransition onEnter=fn onAfterEnter= [, ] onLeave=fn<onLeave>  ... > 
  at <Transition onEnter= [, ] onAfterEnter= [, ] onLeave= [, ]  ... > 
  at <BVCollapse onEnter=fn<bound onEnter3> onAfterEnter=fn<bound onAfterEnter3> onLeave=fn<bound onLeave3>  ... > 
  at <BCollapse id="nav-collapse" is-nav="" > 
  at <BContainer fluid="md" > 
  at <BNavbar toggleable="lg" type="dark" variant="primary"  ... > 
  at <NavHeader> 
  at <App> @ http://localhost:5174/node_modules/.vite/deps/chunk-77GDWHOT.js?v=79eaa276:2209
[     617ms] [WARNING] [Vue warn]: (deprecation COMPONENT_FUNCTIONAL) (5) 
  at <BNavForm onSubmit=fn > 
  at <BNavbarNav class="ml-auto menu_nav" > 
  at <BaseTransition onEnter=fn onAfterEnter= [, ] onLeave=fn<onLeave>  ... > 
  at <Transition onEnter= [, ] onAfterEnter= [, ] onLeave= [, ]  ... > 
  at <BVCollapse onEnter=fn<bound onEnter3> onAfterEnter=fn<bound onAfterEnter3> onLeave=fn<bound onLeave3>  ... > 
  at <BCollapse id="nav-collapse" is-nav="" > 
  at <BContainer fluid="md" > 
  at <BNavbar toggleable="lg" type="dark" variant="primary"  ... > 
  at <NavHeader> 
  at <App> @ http://localhost:5174/node_modules/.vite/deps/chunk-77GDWHOT.js?v=79eaa276:2209
[     618ms] [WARNING] [Vue warn]: (deprecation INSTANCE_LISTENERS) (12) 
  at <BForm class=undefined onSubmit=fn id=undefined  ... > 
  at <BNavForm onSubmit=fn > 
  at <BNavbarNav class="ml-auto menu_nav" > 
  at <BaseTransition onEnter=fn onAfterEnter= [, ] onLeave=fn<onLeave>  ... > 
  at <Transition onEnter= [, ] onAfterEnter= [, ] onLeave= [, ]  ... > 
  at <BVCollapse onEnter=fn<bound onEnter3> onAfterEnter=fn<bound onAfterEnter3> onLeave=fn<bound onLeave3>  ... > 
  at <BCollapse id="nav-collapse" is-nav="" > 
  at <BContainer fluid="md" > 
  at <BNavbar toggleable="lg" type="dark" variant="primary"  ... > 
  at <NavHeader> 
  at <App> @ http://localhost:5174/node_modules/.vite/deps/chunk-77GDWHOT.js?v=79eaa276:2209
[     618ms] [WARNING] [Vue warn]: (deprecation INSTANCE_LISTENERS) (13) 
  at <BInputGroup size="sm" > 
  at <BForm class=undefined onSubmit=fn id=undefined  ... > 
  at <BNavForm onSubmit=fn > 
  at <BNavbarNav class="ml-auto menu_nav" > 
  at <BaseTransition onEnter=fn onAfterEnter= [, ] onLeave=fn<onLeave>  ... > 
  at <Transition onEnter= [, ] onAfterEnter= [, ] onLeave= [, ]  ... > 
  at <BVCollapse onEnter=fn<bound onEnter3> onAfterEnter=fn<bound onAfterEnter3> onLeave=fn<bound onLeave3>  ... > 
  at <BCollapse id="nav-collapse" is-nav="" > 
  at <BContainer fluid="md" > 
  at <BNavbar toggleable="lg" type="dark" variant="primary"  ... > 
  at <NavHeader> 
  at <App> @ http://localhost:5174/node_modules/.vite/deps/chunk-77GDWHOT.js?v=79eaa276:2209
[     619ms] [WARNING] [Vue warn]: (deprecation COMPONENT_V_MODEL) v-model usage on component has changed in Vue 3. Component that expects to work with v-model should now use the "modelValue" prop and emit the "update:modelValue" event. You can update the usage and then opt-in to Vue 3 behavior on a per-component basis with `compatConfig: { COMPONENT_V_MODEL: false }`.
  Details: https://v3-migration.vuejs.org/breaking-changes/v-model.html 
  at <BFormInput modelValue="" onUpdate:modelValue=fn type="search"  ... > @ http://localhost:5174/node_modules/.vite/deps/chunk-77GDWHOT.js?v=79eaa276:2209
[     620ms] [WARNING] [Vue warn]: (deprecation RENDER_FUNCTION) (5) 
  at <BFormInput type="search" placeholder="Search" onKeydown=fn  ... > 
  at <BInputGroup size="sm" > 
  at <BForm class=undefined onSubmit=fn id=undefined  ... > 
  at <BNavForm onSubmit=fn > 
  at <BNavbarNav class="ml-auto menu_nav" > 
  at <BaseTransition onEnter=fn onAfterEnter= [, ] onLeave=fn<onLeave>  ... > 
  at <Transition onEnter= [, ] onAfterEnter= [, ] onLeave= [, ]  ... > 
  at <BVCollapse onEnter=fn<bound onEnter3> onAfterEnter=fn<bound onAfterEnter3> onLeave=fn<bound onLeave3>  ... > 
  at <BCollapse id="nav-collapse" is-nav="" > 
  at <BContainer fluid="md" > 
  at <BNavbar toggleable="lg" type="dark" variant="primary"  ... > 
  at <NavHeader> 
  at <App> @ http://localhost:5174/node_modules/.vite/deps/chunk-77GDWHOT.js?v=79eaa276:2209
[     620ms] [WARNING] [Vue warn]: (deprecation OPTIONS_DATA_MERGE) (2) 
  at <BFormInput type="search" placeholder="Search" onKeydown=fn  ... > 
  at <BInputGroup size="sm" > 
  at <BForm class=undefined onSubmit=fn id=undefined  ... > 
  at <BNavForm onSubmit=fn > 
  at <BNavbarNav class="ml-auto menu_nav" > 
  at <BaseTransition onEnter=fn onAfterEnter= [, ] onLeave=fn<onLeave>  ... > 
  at <Transition onEnter= [, ] onAfterEnter= [, ] onLeave= [, ]  ... > 
  at <BVCollapse onEnter=fn<bound onEnter3> onAfterEnter=fn<bound onAfterEnter3> onLeave=fn<bound onLeave3>  ... > 
  at <BCollapse id="nav-collapse" is-nav="" > 
  at <BContainer fluid="md" > 
  at <BNavbar toggleable="lg" type="dark" variant="primary"  ... > 
  at <NavHeader> 
  at <App> @ http://localhost:5174/node_modules/.vite/deps/chunk-77GDWHOT.js?v=79eaa276:2209
[     621ms] [WARNING] [Vue warn]: (deprecation INSTANCE_LISTENERS) (14) 
  at <BFormInput type="search" placeholder="Search" onKeydown=fn  ... > 
  at <BInputGroup size="sm" > 
  at <BForm class=undefined onSubmit=fn id=undefined  ... > 
  at <BNavForm onSubmit=fn > 
  at <BNavbarNav class="ml-auto menu_nav" > 
  at <BaseTransition onEnter=fn onAfterEnter= [, ] onLeave=fn<onLeave>  ... > 
  at <Transition onEnter= [, ] onAfterEnter= [, ] onLeave= [, ]  ... > 
  at <BVCollapse onEnter=fn<bound onEnter3> onAfterEnter=fn<bound onAfterEnter3> onLeave=fn<bound onLeave3>  ... > 
  at <BCollapse id="nav-collapse" is-nav="" > 
  at <BContainer fluid="md" > 
  at <BNavbar toggleable="lg" type="dark" variant="primary"  ... > 
  at <NavHeader> 
  at <App> @ http://localhost:5174/node_modules/.vite/deps/chunk-77GDWHOT.js?v=79eaa276:2209
[     621ms] [WARNING] [Vue warn]: (deprecation OPTIONS_BEFORE_DESTROY) (4) 
  at <BFormInput type="search" placeholder="Search" onKeydown=fn  ... > 
  at <BInputGroup size="sm" > 
  at <BForm class=undefined onSubmit=fn id=undefined  ... > 
  at <BNavForm onSubmit=fn > 
  at <BNavbarNav class="ml-auto menu_nav" > 
  at <BaseTransition onEnter=fn onAfterEnter= [, ] onLeave=fn<onLeave>  ... > 
  at <Transition onEnter= [, ] onAfterEnter= [, ] onLeave= [, ]  ... > 
  at <BVCollapse onEnter=fn<bound onEnter3> onAfterEnter=fn<bound onAfterEnter3> onLeave=fn<bound onLeave3>  ... > 
  at <BCollapse id="nav-collapse" is-nav="" > 
  at <BContainer fluid="md" > 
  at <BNavbar toggleable="lg" type="dark" variant="primary"  ... > 
  at <NavHeader> 
  at <App> @ http://localhost:5174/node_modules/.vite/deps/chunk-77GDWHOT.js?v=79eaa276:2209
[     622ms] [WARNING] [Vue warn]: (deprecation ATTR_FALSE_VALUE) Attribute "aria-invalid" with v-bind value `false` will render aria-invalid="false" instead of removing it in Vue 3. To remove the attribute, use `null` or `undefined` instead. If the usage is intended, you can disable the compat behavior and suppress this warning with:

  configureCompat({ ATTR_FALSE_VALUE: false })

  Details: https://v3-migration.vuejs.org/breaking-changes/attribute-coercion.html 
  at <BFormInput type="search" placeholder="Search" onKeydown=fn  ... > 
  at <BInputGroup size="sm" > 
  at <BForm class=undefined onSubmit=fn id=undefined  ... > 
  at <BNavForm onSubmit=fn > 
  at <BNavbarNav class="ml-auto menu_nav" > 
  at <BaseTransition onEnter=fn onAfterEnter= [, ] onLeave=fn<onLeave>  ... > 
  at <Transition onEnter= [, ] onAfterEnter= [, ] onLeave= [, ]  ... > 
  at <BVCollapse onEnter=fn<bound onEnter3> onAfterEnter=fn<bound onAfterEnter3> onLeave=fn<bound onLeave3>  ... > 
  at <BCollapse id="nav-collapse" is-nav="" > 
  at <BContainer fluid="md" > 
  at <BNavbar toggleable="lg" type="dark" variant="primary"  ... > 
  at <NavHeader> 
  at <App> @ http://localhost:5174/node_modules/.vite/deps/chunk-77GDWHOT.js?v=79eaa276:2209
[     622ms] [WARNING] [Vue warn]: (deprecation INSTANCE_LISTENERS) (15) 
  at <BInputGroupAppend> 
  at <BInputGroup size="sm" > 
  at <BForm class=undefined onSubmit=fn id=undefined  ... > 
  at <BNavForm onSubmit=fn > 
  at <BNavbarNav class="ml-auto menu_nav" > 
  at <BaseTransition onEnter=fn onAfterEnter= [, ] onLeave=fn<onLeave>  ... > 
  at <Transition onEnter= [, ] onAfterEnter= [, ] onLeave= [, ]  ... > 
  at <BVCollapse onEnter=fn<bound onEnter3> onAfterEnter=fn<bound onAfterEnter3> onLeave=fn<bound onLeave3>  ... > 
  at <BCollapse id="nav-collapse" is-nav="" > 
  at <BContainer fluid="md" > 
  at <BNavbar toggleable="lg" type="dark" variant="primary"  ... > 
  at <NavHeader> 
  at <App> @ http://localhost:5174/node_modules/.vite/deps/chunk-77GDWHOT.js?v=79eaa276:2209
[     623ms] [WARNING] [Vue warn]: (deprecation COMPONENT_FUNCTIONAL) (6) 
  at <BInputGroupAppend> 
  at <BInputGroup size="sm" > 
  at <BForm class=undefined onSubmit=fn id=undefined  ... > 
  at <BNavForm onSubmit=fn > 
  at <BNavbarNav class="ml-auto menu_nav" > 
  at <BaseTransition onEnter=fn onAfterEnter= [, ] onLeave=fn<onLeave>  ... > 
  at <Transition onEnter= [, ] onAfterEnter= [, ] onLeave= [, ]  ... > 
  at <BVCollapse onEnter=fn<bound onEnter3> onAfterEnter=fn<bound onAfterEnter3> onLeave=fn<bound onLeave3>  ... > 
  at <BCollapse id="nav-collapse" is-nav="" > 
  at <BContainer fluid="md" > 
  at <BNavbar toggleable="lg" type="dark" variant="primary"  ... > 
  at <NavHeader> 
  at <App> @ http://localhost:5174/node_modules/.vite/deps/chunk-77GDWHOT.js?v=79eaa276:2209
[     623ms] [WARNING] [Vue warn]: (deprecation INSTANCE_LISTENERS) (16) 
  at <BInputGroupAddon id=undefined isText=false tag="div"  ... > 
  at <BInputGroupAppend> 
  at <BInputGroup size="sm" > 
  at <BForm class=undefined onSubmit=fn id=undefined  ... > 
  at <BNavForm onSubmit=fn > 
  at <BNavbarNav class="ml-auto menu_nav" > 
  at <BaseTransition onEnter=fn onAfterEnter= [, ] onLeave=fn<onLeave>  ... > 
  at <Transition onEnter= [, ] onAfterEnter= [, ] onLeave= [, ]  ... > 
  at <BVCollapse onEnter=fn<bound onEnter3> onAfterEnter=fn<bound onAfterEnter3> onLeave=fn<bound onLeave3>  ... > 
  at <BCollapse id="nav-collapse" is-nav="" > 
  at <BContainer fluid="md" > 
  at <BNavbar toggleable="lg" type="dark" variant="primary"  ... > 
  at <NavHeader> 
  at <App> @ http://localhost:5174/node_modules/.vite/deps/chunk-77GDWHOT.js?v=79eaa276:2209
[     625ms] [WARNING] [Vue warn]: (deprecation RENDER_FUNCTION) (6) 
  at <BDropdown text="SPARQL" variant="primary" > 
  at <BNavbarNav class="ml-auto menu_nav" > 
  at <BaseTransition onEnter=fn onAfterEnter= [, ] onLeave=fn<onLeave>  ... > 
  at <Transition onEnter= [, ] onAfterEnter= [, ] onLeave= [, ]  ... > 
  at <BVCollapse onEnter=fn<bound onEnter3> onAfterEnter=fn<bound onAfterEnter3> onLeave=fn<bound onLeave3>  ... > 
  at <BCollapse id="nav-collapse" is-nav="" > 
  at <BContainer fluid="md" > 
  at <BNavbar toggleable="lg" type="dark" variant="primary"  ... > 
  at <NavHeader> 
  at <App> @ http://localhost:5174/node_modules/.vite/deps/chunk-77GDWHOT.js?v=79eaa276:2209
[     626ms] [WARNING] [Vue warn]: (deprecation OPTIONS_BEFORE_DESTROY) (5) 
  at <BDropdown text="SPARQL" variant="primary" > 
  at <BNavbarNav class="ml-auto menu_nav" > 
  at <BaseTransition onEnter=fn onAfterEnter= [, ] onLeave=fn<onLeave>  ... > 
  at <Transition onEnter= [, ] onAfterEnter= [, ] onLeave= [, ]  ... > 
  at <BVCollapse onEnter=fn<bound onEnter3> onAfterEnter=fn<bound onAfterEnter3> onLeave=fn<bound onLeave3>  ... > 
  at <BCollapse id="nav-collapse" is-nav="" > 
  at <BContainer fluid="md" > 
  at <BNavbar toggleable="lg" type="dark" variant="primary"  ... > 
  at <NavHeader> 
  at <App> @ http://localhost:5174/node_modules/.vite/deps/chunk-77GDWHOT.js?v=79eaa276:2209
[     626ms] [WARNING] [Vue warn]: (deprecation INSTANCE_SCOPED_SLOTS) (5) 
  at <BDropdown text="SPARQL" variant="primary" > 
  at <BNavbarNav class="ml-auto menu_nav" > 
  at <BaseTransition onEnter=fn onAfterEnter= [, ] onLeave=fn<onLeave>  ... > 
  at <Transition onEnter= [, ] onAfterEnter= [, ] onLeave= [, ]  ... > 
  at <BVCollapse onEnter=fn<bound onEnter3> onAfterEnter=fn<bound onAfterEnter3> onLeave=fn<bound onLeave3>  ... > 
  at <BCollapse id="nav-collapse" is-nav="" > 
  at <BContainer fluid="md" > 
  at <BNavbar toggleable="lg" type="dark" variant="primary"  ... > 
  at <NavHeader> 
  at <App> @ http://localhost:5174/node_modules/.vite/deps/chunk-77GDWHOT.js?v=79eaa276:2209
[     627ms] [WARNING] [Vue warn]: (deprecation COMPONENT_FUNCTIONAL) (7) 
  at <BDropdown text="SPARQL" variant="primary" > 
  at <BNavbarNav class="ml-auto menu_nav" > 
  at <BaseTransition onEnter=fn onAfterEnter= [, ] onLeave=fn<onLeave>  ... > 
  at <Transition onEnter= [, ] onAfterEnter= [, ] onLeave= [, ]  ... > 
  at <BVCollapse onEnter=fn<bound onEnter3> onAfterEnter=fn<bound onAfterEnter3> onLeave=fn<bound onLeave3>  ... > 
  at <BCollapse id="nav-collapse" is-nav="" > 
  at <BContainer fluid="md" > 
  at <BNavbar toggleable="lg" type="dark" variant="primary"  ... > 
  at <NavHeader> 
  at <App> @ http://localhost:5174/node_modules/.vite/deps/chunk-77GDWHOT.js?v=79eaa276:2209
[     627ms] [WARNING] [Vue warn]: (deprecation RENDER_FUNCTION) (7) 
  at <BDropdownItem target="_blank" onClick=fn > 
  at <BDropdown text="SPARQL" variant="primary" > 
  at <BNavbarNav class="ml-auto menu_nav" > 
  at <BaseTransition onEnter=fn onAfterEnter= [, ] onLeave=fn<onLeave>  ... > 
  at <Transition onEnter= [, ] onAfterEnter= [, ] onLeave= [, ]  ... > 
  at <BVCollapse onEnter=fn<bound onEnter3> onAfterEnter=fn<bound onAfterEnter3> onLeave=fn<bound onLeave3>  ... > 
  at <BCollapse id="nav-collapse" is-nav="" > 
  at <BContainer fluid="md" > 
  at <BNavbar toggleable="lg" type="dark" variant="primary"  ... > 
  at <NavHeader> 
  at <App> @ http://localhost:5174/node_modules/.vite/deps/chunk-77GDWHOT.js?v=79eaa276:2209
[     628ms] [WARNING] [Vue warn]: (deprecation INSTANCE_SCOPED_SLOTS) (6) 
  at <BDropdownItem target="_blank" onClick=fn > 
  at <BDropdown text="SPARQL" variant="primary" > 
  at <BNavbarNav class="ml-auto menu_nav" > 
  at <BaseTransition onEnter=fn onAfterEnter= [, ] onLeave=fn<onLeave>  ... > 
  at <Transition onEnter= [, ] onAfterEnter= [, ] onLeave= [, ]  ... > 
  at <BVCollapse onEnter=fn<bound onEnter3> onAfterEnter=fn<bound onAfterEnter3> onLeave=fn<bound onLeave3>  ... > 
  at <BCollapse id="nav-collapse" is-nav="" > 
  at <BContainer fluid="md" > 
  at <BNavbar toggleable="lg" type="dark" variant="primary"  ... > 
  at <NavHeader> 
  at <App> @ http://localhost:5174/node_modules/.vite/deps/chunk-77GDWHOT.js?v=79eaa276:2209
[     631ms] [WARNING] [Vue warn]: (deprecation COMPONENT_FUNCTIONAL) (8) 
  at <Search2 textQuery=undefined resourceType=undefined exact=undefined  ... > 
  at <RouterView> 
  at <App> @ http://localhost:5174/node_modules/.vite/deps/chunk-77GDWHOT.js?v=79eaa276:2209
[     632ms] [WARNING] [Vue warn]: (deprecation RENDER_FUNCTION) (8) 
  at <BOverlay rounded="sm" show=false variant="white"  ... > 
  at <BContainer fluid="md" class="mt-3" textQuery=undefined  ... > 
  at <Search2 textQuery=undefined resourceType=undefined exact=undefined  ... > 
  at <RouterView> 
  at <App> @ http://localhost:5174/node_modules/.vite/deps/chunk-77GDWHOT.js?v=79eaa276:2209
[     632ms] [WARNING] [Vue warn]: (deprecation COMPONENT_FUNCTIONAL) (9) 
  at <BOverlay rounded="sm" show=false variant="white"  ... > 
  at <BContainer fluid="md" class="mt-3" textQuery=undefined  ... > 
  at <Search2 textQuery=undefined resourceType=undefined exact=undefined  ... > 
  at <RouterView> 
  at <App> @ http://localhost:5174/node_modules/.vite/deps/chunk-77GDWHOT.js?v=79eaa276:2209
[     632ms] [WARNING] [Vue warn]: (deprecation INSTANCE_SCOPED_SLOTS) (7) 
  at <BOverlay rounded="sm" show=false variant="white"  ... > 
  at <BContainer fluid="md" class="mt-3" textQuery=undefined  ... > 
  at <Search2 textQuery=undefined resourceType=undefined exact=undefined  ... > 
  at <RouterView> 
  at <App> @ http://localhost:5174/node_modules/.vite/deps/chunk-77GDWHOT.js?v=79eaa276:2209
[     634ms] [WARNING] [Vue warn]: (deprecation COMPONENT_V_MODEL) (2) 
  at <BFormCheckbox modelValue=true onUpdate:modelValue=fn class="small" > @ http://localhost:5174/node_modules/.vite/deps/chunk-77GDWHOT.js?v=79eaa276:2209
[     635ms] [WARNING] [Vue warn]: (deprecation RENDER_FUNCTION) (9) 
  at <BFormCheckbox class="small" checked=true onModelCompat:input=fn > 
  at <BCol md="3" class="sidebar" > 
  at <BRow> 
  at <BOverlay rounded="sm" show=false variant="white"  ... > 
  at <BContainer fluid="md" class="mt-3" textQuery=undefined  ... > 
  at <Search2 textQuery=undefined resourceType=undefined exact=undefined  ... > 
  at <RouterView> 
  at <App> @ http://localhost:5174/node_modules/.vite/deps/chunk-77GDWHOT.js?v=79eaa276:2209
[     636ms] [WARNING] [Vue warn]: (deprecation INSTANCE_SCOPED_SLOTS) (8) 
  at <BFormCheckbox class="small" checked=true onModelCompat:input=fn > 
  at <BCol md="3" class="sidebar" > 
  at <BRow> 
  at <BOverlay rounded="sm" show=false variant="white"  ... > 
  at <BContainer fluid="md" class="mt-3" textQuery=undefined  ... > 
  at <Search2 textQuery=undefined resourceType=undefined exact=undefined  ... > 
  at <RouterView> 
  at <App> @ http://localhost:5174/node_modules/.vite/deps/chunk-77GDWHOT.js?v=79eaa276:2209
[     636ms] [WARNING] [Vue warn]: (deprecation INSTANCE_ATTRS_CLASS_STYLE) Component <BFormCheckbox> has `inheritAttrs: false` but is relying on class/style fallthrough from parent. In Vue 3, class/style are now included in $attrs and will no longer fallthrough when inheritAttrs is false. If you are already using v-bind="$attrs" on component root it should render the same end result. If you are binding $attrs to a non-root element and expecting class/style to fallthrough on root, you will need to now manually bind them on root via :class="$attrs.class".
  Details: https://v3-migration.vuejs.org/breaking-changes/attrs-includes-class-style.html 
  at <BFormCheckbox class="small" checked=true onModelCompat:input=fn > 
  at <BCol md="3" class="sidebar" > 
  at <BRow> 
  at <BOverlay rounded="sm" show=false variant="white"  ... > 
  at <BContainer fluid="md" class="mt-3" textQuery=undefined  ... > 
  at <Search2 textQuery=undefined resourceType=undefined exact=undefined  ... > 
  at <RouterView> 
  at <App> @ http://localhost:5174/node_modules/.vite/deps/chunk-77GDWHOT.js?v=79eaa276:2209
[     644ms] [WARNING] [Vue warn]: (deprecation COMPONENT_FUNCTIONAL) (10) 
  at <BCollapse visible=true > 
  at <GeoBoundingBoxPicker2 facet-config= {field: spatialCoverage, title: Spatial Filter, sort: acs, open: true, type: geo} > 
  at <Facets2 facets= [Object, Object, Object, Object, Object, Object, Object, Object] > 
  at <BCol md="3" class="sidebar" > 
  at <BRow> 
  at <BOverlay rounded="sm" show=false variant="white"  ... > 
  at <BContainer fluid="md" class="mt-3" textQuery=undefined  ... > 
  at <Search2 textQuery=undefined resourceType=undefined exact=undefined  ... > 
  at <RouterView> 
  at <App> @ http://localhost:5174/node_modules/.vite/deps/chunk-77GDWHOT.js?v=79eaa276:2209
[     646ms] [WARNING] [Vue warn]: (deprecation COMPONENT_FUNCTIONAL) (11) 
  at <Feedback subject="Search" name="" urn="" > 
  at <BCol md="3" class="sidebar" > 
  at <BRow> 
  at <BOverlay rounded="sm" show=false variant="white"  ... > 
  at <BContainer fluid="md" class="mt-3" textQuery=undefined  ... > 
  at <Search2 textQuery=undefined resourceType=undefined exact=undefined  ... > 
  at <RouterView> 
  at <App> @ http://localhost:5174/node_modules/.vite/deps/chunk-77GDWHOT.js?v=79eaa276:2209
[     646ms] [WARNING] [Vue warn]: (deprecation RENDER_FUNCTION) (10) 
  at <BModal id="feedback-modal" ref="modal" size="lg"  ... > 
  at <Feedback subject="Search" name="" urn="" > 
  at <BCol md="3" class="sidebar" > 
  at <BRow> 
  at <BOverlay rounded="sm" show=false variant="white"  ... > 
  at <BContainer fluid="md" class="mt-3" textQuery=undefined  ... > 
  at <Search2 textQuery=undefined resourceType=undefined exact=undefined  ... > 
  at <RouterView> 
  at <App> @ http://localhost:5174/node_modules/.vite/deps/chunk-77GDWHOT.js?v=79eaa276:2209
[     647ms] [WARNING] [Vue warn]: (deprecation OPTIONS_BEFORE_DESTROY) (6) 
  at <BModal id="feedback-modal" ref="modal" size="lg"  ... > 
  at <Feedback subject="Search" name="" urn="" > 
  at <BCol md="3" class="sidebar" > 
  at <BRow> 
  at <BOverlay rounded="sm" show=false variant="white"  ... > 
  at <BContainer fluid="md" class="mt-3" textQuery=undefined  ... > 
  at <Search2 textQuery=undefined resourceType=undefined exact=undefined  ... > 
  at <RouterView> 
  at <App> @ http://localhost:5174/node_modules/.vite/deps/chunk-77GDWHOT.js?v=79eaa276:2209
[     656ms] [WARNING] [Vue warn]: (deprecation COMPONENT_V_MODEL) (3) 
  at <BFormSelect modelValue="score" onUpdate:modelValue=fn options= [Object, Object, Object, Object]  ... > @ http://localhost:5174/node_modules/.vite/deps/chunk-77GDWHOT.js?v=79eaa276:2209
[     657ms] [WARNING] [Vue warn]: (deprecation RENDER_FUNCTION) (11) 
  at <BFormSelect options= [Object, Object, Object, Object] size="sm" class="sort-select"  ... > 
  at <ResultHeader2 current-count=0 total-count=0 filters= {}  ... > 
  at <BCol md="9" class="results" > 
  at <BRow> 
  at <BOverlay rounded="sm" show=false variant="white"  ... > 
  at <BContainer fluid="md" class="mt-3" textQuery=undefined  ... > 
  at <Search2 textQuery=undefined resourceType=undefined exact=undefined  ... > 
  at <RouterView> 
  at <App> @ http://localhost:5174/node_modules/.vite/deps/chunk-77GDWHOT.js?v=79eaa276:2209
[     657ms] [WARNING] [Vue warn]: (deprecation COMPONENT_FUNCTIONAL) (12) 
  at <BFormSelect options= [Object, Object, Object, Object] size="sm" class="sort-select"  ... > 
  at <ResultHeader2 current-count=0 total-count=0 filters= {}  ... > 
  at <BCol md="9" class="results" > 
  at <BRow> 
  at <BOverlay rounded="sm" show=false variant="white"  ... > 
  at <BContainer fluid="md" class="mt-3" textQuery=undefined  ... > 
  at <Search2 textQuery=undefined resourceType=undefined exact=undefined  ... > 
  at <RouterView> 
  at <App> @ http://localhost:5174/node_modules/.vite/deps/chunk-77GDWHOT.js?v=79eaa276:2209
[     658ms] [WARNING] [Vue warn]: (deprecation INSTANCE_SCOPED_SLOTS) (9) 
  at <BFormSelect options= [Object, Object, Object, Object] size="sm" class="sort-select"  ... > 
  at <ResultHeader2 current-count=0 total-count=0 filters= {}  ... > 
  at <BCol md="9" class="results" > 
  at <BRow> 
  at <BOverlay rounded="sm" show=false variant="white"  ... > 
  at <BContainer fluid="md" class="mt-3" textQuery=undefined  ... > 
  at <Search2 textQuery=undefined resourceType=undefined exact=undefined  ... > 
  at <RouterView> 
  at <App> @ http://localhost:5174/node_modules/.vite/deps/chunk-77GDWHOT.js?v=79eaa276:2209
[     658ms] [WARNING] [Vue warn]: (deprecation INSTANCE_LISTENERS) (17) 
  at <BFormSelectOption textContent="Name" key="option_0" value="name"  ... > 
  at <BFormSelect options= [Object, Object, Object, Object] size="sm" class="sort-select"  ... > 
  at <ResultHeader2 current-count=0 total-count=0 filters= {}  ... > 
  at <BCol md="9" class="results" > 
  at <BRow> 
  at <BOverlay rounded="sm" show=false variant="white"  ... > 
  at <BContainer fluid="md" class="mt-3" textQuery=undefined  ... > 
  at <Search2 textQuery=undefined resourceType=undefined exact=undefined  ... > 
  at <RouterView> 
  at <App> @ http://localhost:5174/node_modules/.vite/deps/chunk-77GDWHOT.js?v=79eaa276:2209
[     659ms] [WARNING] [Vue warn]: (deprecation ATTR_FALSE_VALUE) (2) 
  at <BFormSelect options= [Object, Object, Object, Object] size="sm" class="sort-select"  ... > 
  at <ResultHeader2 current-count=0 total-count=0 filters= {}  ... > 
  at <BCol md="9" class="results" > 
  at <BRow> 
  at <BOverlay rounded="sm" show=false variant="white"  ... > 
  at <BContainer fluid="md" class="mt-3" textQuery=undefined  ... > 
  at <Search2 textQuery=undefined resourceType=undefined exact=undefined  ... > 
  at <RouterView> 
  at <App> @ http://localhost:5174/node_modules/.vite/deps/chunk-77GDWHOT.js?v=79eaa276:2209
[     660ms] [WARNING] [Vue warn]: (deprecation INSTANCE_LISTENERS) (18) 
  at <BVTransition onAfter-enter=fn<afterEnter> onAfter-leave=fn<afterLeave> noFade=false  ... > 
  at <BOverlay rounded="sm" show=false variant="white"  ... > 
  at <BContainer fluid="md" class="mt-3" textQuery=undefined  ... > 
  at <Search2 textQuery=undefined resourceType=undefined exact=undefined  ... > 
  at <RouterView> 
  at <App> @ http://localhost:5174/node_modules/.vite/deps/chunk-77GDWHOT.js?v=79eaa276:2209
[     683ms] [WARNING] [Vue warn]: (deprecation CUSTOM_DIR) Custom directive hook "inserted" has been removed. Use "mounted" instead.
  Details: https://v3-migration.vuejs.org/breaking-changes/custom-directives.html @ http://localhost:5174/node_modules/.vite/deps/chunk-77GDWHOT.js?v=79eaa276:2209
[     684ms] [WARNING] [Vue warn]: (deprecation COMPONENT_FUNCTIONAL) (13) 
  at <BCollapse visible=false > 
  at <FacetText2 key=0 facet-config= {field: resourceType, title: Resource Type, sort: acs, open: false, type: text} > 
  at <Facets2 facets= [Object, Object, Object, Object, Object, Object, Object, Object] > 
  at <BCol md="3" class="sidebar" > 
  at <BRow> 
  at <BOverlay rounded="sm" show=false variant="white"  ... > 
  at <BContainer fluid="md" class="mt-3" textQuery=undefined  ... > 
  at <Search2 textQuery=undefined resourceType=undefined exact=undefined  ... > 
  at <RouterView> 
  at <App> @ http://localhost:5174/node_modules/.vite/deps/chunk-77GDWHOT.js?v=79eaa276:2209
[     685ms] [WARNING] [Vue warn]: (deprecation INSTANCE_LISTENERS) (19) 
  at <BSpinner small="" > 
  at <BaseTransition onEnter=fn onAfterEnter= [, ] onLeave=fn<onLeave>  ... > 
  at <Transition onEnter= [, ] onAfterEnter= [, ] onLeave= [, ]  ... > 
  at <BVCollapse onEnter=fn<bound onEnter3> onAfterEnter=fn<bound onAfterEnter3> onLeave=fn<bound onLeave3>  ... > 
  at <BCollapse visible=false > 
  at <FacetText2 key=0 facet-config= {field: resourceType, title: Resource Type, sort: acs, open: false, type: text} > 
  at <Facets2 facets= [Object, Object, Object, Object, Object, Object, Object, Object] > 
  at <BCol md="3" class="sidebar" > 
  at <BRow> 
  at <BOverlay rounded="sm" show=false variant="white"  ... > 
  at <BContainer fluid="md" class="mt-3" textQuery=undefined  ... > 
  at <Search2 textQuery=undefined resourceType=undefined exact=undefined  ... > 
  at <RouterView> 
  at <App> @ http://localhost:5174/node_modules/.vite/deps/chunk-77GDWHOT.js?v=79eaa276:2209
[   40373ms] TypeError: assign is not a function
    at HTMLInputElement.<anonymous> (http://localhost:5174/node_modules/.vite/deps/chunk-77GDWHOT.js?v=79eaa276:14073:9)
[   40375ms] [WARNING] [Vue warn]: (deprecation ATTR_FALSE_VALUE) Attribute "checked" with v-bind value `false` will render checked="false" instead of removing it in Vue 3. To remove the attribute, use `null` or `undefined` instead. If the usage is intended, you can disable the compat behavior and suppress this warning with:

  configureCompat({ ATTR_FALSE_VALUE: false })

  Details: https://v3-migration.vuejs.org/breaking-changes/attribute-coercion.html 
  at <BFormCheckbox class="small" checked=false onModelCompat:input=fn > 
  at <BCol md="3" class="sidebar" > 
  at <BRow> 
  at <BOverlay rounded="sm" show=false variant="white"  ... > 
  at <BContainer fluid="md" class="mt-3" textQuery=undefined  ... > 
  at <Search2 textQuery=undefined resourceType=undefined exact=undefined  ... > 
  at <RouterView> 
  at <App> @ http://localhost:5174/node_modules/.vite/deps/chunk-77GDWHOT.js?v=79eaa276:2209
[   50511ms] [WARNING] [Vue warn]: (deprecation COMPONENT_FUNCTIONAL) (14) 
  at <ResultHeader2 current-count=0 total-count=0 filters= {}  ... > 
  at <BCol md="9" class="results" > 
  at <BRow> 
  at <BOverlay rounded="sm" show=true variant="white"  ... > 
  at <BContainer fluid="md" class="mt-3" textQuery="water"  ... > 
  at <Search2 textQuery="water" resourceType=undefined exact="false"  ... > 
  at <RouterView> 
  at <App> @ http://localhost:5174/node_modules/.vite/deps/chunk-77GDWHOT.js?v=79eaa276:2209
[   50512ms] [WARNING] [Vue warn]: (deprecation COMPONENT_FUNCTIONAL) (15) 
  at <Results2 results= [] loading=true > 
  at <BCol md="9" class="results" > 
  at <BRow> 
  at <BOverlay rounded="sm" show=true variant="white"  ... > 
  at <BContainer fluid="md" class="mt-3" textQuery="water"  ... > 
  at <Search2 textQuery="water" resourceType=undefined exact="false"  ... > 
  at <RouterView> 
  at <App> @ http://localhost:5174/node_modules/.vite/deps/chunk-77GDWHOT.js?v=79eaa276:2209
[   50824ms] [WARNING] [Vue warn]: (deprecation COMPONENT_FUNCTIONAL) (16) 
  at <ResultItem2 key="urn:gleaner.io:eco:bodc:data:2a8f3089afc0f70a685fb528a02769271ead47aa" result= {g: urn:gleaner.io:eco:bodc:data:2a8f3089afc0f70a685fb528a02769271ead47aa, subj: https://gleaner.io/xid/genid/d84nsbojo11s7395ilp0, name: Porcupine Abyssal Plain Observatory Datasets, description: The Porcupine Abyssal Plain (PAP) Observatory is a…o the first atmospheric measurements at the site., pubname: No Publisher} index=0 > 
  at <Results2 results= [Object, Object, Object, Object, Object, Object, Object, Object, Object, Object, Object, Object, Object, Object, Object, Object, Object, Object, Object, Object, Object, Object, Object, Object, Object, Object, Object, Object, Object, Object, Object, Object, Object, Object, Object, Object, Object, Object, Object, Object, Object, Object, Object, Object, Object, Object, Object, Object, Object, Object, Object, Object, Object, Object, Object, Object, Object, Object, Object, Object, Object, Object, Object, Object, Object, Object, Object, Object, Object, Object, Object, Object, Object, Object, Object, Object, Object, Object, Object, Object, Object, Object, Object, Object, Object, Object, Object, Object, Object, Object, Object, Object, Object, Object, Object, Object, Object, Object, Object, Object] loading=false > 
  at <BCol md="9" class="results" > 
  at <BRow> 
  at <BOverlay rounded="sm" show=false variant="white"  ... > 
  at <BContainer fluid="md" class="mt-3" textQuery="water"  ... > 
  at <Search2 textQuery="water" resourceType=undefined exact="false"  ... > 
  at <RouterView> 
  at <App> @ http://localhost:5174/node_modules/.vite/deps/chunk-77GDWHOT.js?v=79eaa276:2209
[   50825ms] [WARNING] [Vue warn]: (deprecation INSTANCE_LISTENERS) (20) 
  at <BCard class="result-item" > 
  at <ResultItem2 key="urn:gleaner.io:eco:bodc:data:2a8f3089afc0f70a685fb528a02769271ead47aa" result= {g: urn:gleaner.io:eco:bodc:data:2a8f3089afc0f70a685fb528a02769271ead47aa, subj: https://gleaner.io/xid/genid/d84nsbojo11s7395ilp0, name: Porcupine Abyssal Plain Observatory Datasets, description: The Porcupine Abyssal Plain (PAP) Observatory is a…o the first atmospheric measurements at the site., pubname: No Publisher} index=0 > 
  at <Results2 results= [Object, Object, Object, Object, Object, Object, Object, Object, Object, Object, Object, Object, Object, Object, Object, Object, Object, Object, Object, Object, Object, Object, Object, Object, Object, Object, Object, Object, Object, Object, Object, Object, Object, Object, Object, Object, Object, Object, Object, Object, Object, Object, Object, Object, Object, Object, Object, Object, Object, Object, Object, Object, Object, Object, Object, Object, Object, Object, Object, Object, Object, Object, Object, Object, Object, Object, Object, Object, Object, Object, Object, Object, Object, Object, Object, Object, Object, Object, Object, Object, Object, Object, Object, Object, Object, Object, Object, Object, Object, Object, Object, Object, Object, Object, Object, Object, Object, Object, Object, Object] loading=false > 
  at <BCol md="9" class="results" > 
  at <BRow> 
  at <BOverlay rounded="sm" show=false variant="white"  ... > 
  at <BContainer fluid="md" class="mt-3" textQuery="water"  ... > 
  at <Search2 textQuery="water" resourceType=undefined exact="false"  ... > 
  at <RouterView> 
  at <App> @ http://localhost:5174/node_modules/.vite/deps/chunk-77GDWHOT.js?v=79eaa276:2209
[   50826ms] [WARNING] [Vue warn]: (deprecation COMPONENT_FUNCTIONAL) (17) 
  at <BCard class="result-item" > 
  at <ResultItem2 key="urn:gleaner.io:eco:bodc:data:2a8f3089afc0f70a685fb528a02769271ead47aa" result= {g: urn:gleaner.io:eco:bodc:data:2a8f3089afc0f70a685fb528a02769271ead47aa, subj: https://gleaner.io/xid/genid/d84nsbojo11s7395ilp0, name: Porcupine Abyssal Plain Observatory Datasets, description: The Porcupine Abyssal Plain (PAP) Observatory is a…o the first atmospheric measurements at the site., pubname: No Publisher} index=0 > 
  at <Results2 results= [Object, Object, Object, Object, Object, Object, Object, Object, Object, Object, Object, Object, Object, Object, Object, Object, Object, Object, Object, Object, Object, Object, Object, Object, Object, Object, Object, Object, Object, Object, Object, Object, Object, Object, Object, Object, Object, Object, Object, Object, Object, Object, Object, Object, Object, Object, Object, Object, Object, Object, Object, Object, Object, Object, Object, Object, Object, Object, Object, Object, Object, Object, Object, Object, Object, Object, Object, Object, Object, Object, Object, Object, Object, Object, Object, Object, Object, Object, Object, Object, Object, Object, Object, Object, Object, Object, Object, Object, Object, Object, Object, Object, Object, Object, Object, Object, Object, Object, Object, Object] loading=false > 
  at <BCol md="9" class="results" > 
  at <BRow> 
  at <BOverlay rounded="sm" show=false variant="white"  ... > 
  at <BContainer fluid="md" class="mt-3" textQuery="water"  ... > 
  at <Search2 textQuery="water" resourceType=undefined exact="false"  ... > 
  at <RouterView> 
  at <App> @ http://localhost:5174/node_modules/.vite/deps/chunk-77GDWHOT.js?v=79eaa276:2209
[   50826ms] [WARNING] [Vue warn]: (deprecation INSTANCE_LISTENERS) (21) 
  at <BCardBody bodyBgVariant=undefined bodyBorderVariant=undefined bodyClass=undefined  ... > 
  at <BCard class="result-item" > 
  at <ResultItem2 key="urn:gleaner.io:eco:bodc:data:2a8f3089afc0f70a685fb528a02769271ead47aa" result= {g: urn:gleaner.io:eco:bodc:data:2a8f3089afc0f70a685fb528a02769271ead47aa, subj: https://gleaner.io/xid/genid/d84nsbojo11s7395ilp0, name: Porcupine Abyssal Plain Observatory Datasets, description: The Porcupine Abyssal Plain (PAP) Observatory is a…o the first atmospheric measurements at the site., pubname: No Publisher} index=0 > 
  at <Results2 results= [Object, Object, Object, Object, Object, Object, Object, Object, Object, Object, Object, Object, Object, Object, Object, Object, Object, Object, Object, Object, Object, Object, Object, Object, Object, Object, Object, Object, Object, Object, Object, Object, Object, Object, Object, Object, Object, Object, Object, Object, Object, Object, Object, Object, Object, Object, Object, Object, Object, Object, Object, Object, Object, Object, Object, Object, Object, Object, Object, Object, Object, Object, Object, Object, Object, Object, Object, Object, Object, Object, Object, Object, Object, Object, Object, Object, Object, Object, Object, Object, Object, Object, Object, Object, Object, Object, Object, Object, Object, Object, Object, Object, Object, Object, Object, Object, Object, Object, Object, Object] loading=false > 
  at <BCol md="9" class="results" > 
  at <BRow> 
  at <BOverlay rounded="sm" show=false variant="white"  ... > 
  at <BContainer fluid="md" class="mt-3" textQuery="water"  ... > 
  at <Search2 textQuery="water" resourceType=undefined exact="false"  ... > 
  at <RouterView> 
  at <App> @ http://localhost:5174/node_modules/.vite/deps/chunk-77GDWHOT.js?v=79eaa276:2209
[   50827ms] [WARNING] [Vue warn]: (deprecation INSTANCE_LISTENERS) (22) 
  at <BBadge variant="primary" class="ms-2" > 
  at <BCardBody bodyBgVariant=undefined bodyBorderVariant=undefined bodyClass=undefined  ... > 
  at <BCard class="result-item" > 
  at <ResultItem2 key="urn:gleaner.io:eco:bodc:data:2a8f3089afc0f70a685fb528a02769271ead47aa" result= {g: urn:gleaner.io:eco:bodc:data:2a8f3089afc0f70a685fb528a02769271ead47aa, subj: https://gleaner.io/xid/genid/d84nsbojo11s7395ilp0, name: Porcupine Abyssal Plain Observatory Datasets, description: The Porcupine Abyssal Plain (PAP) Observatory is a…o the first atmospheric measurements at the site., pubname: No Publisher} index=0 > 
  at <Results2 results= [Object, Object, Object, Object, Object, Object, Object, Object, Object, Object, Object, Object, Object, Object, Object, Object, Object, Object, Object, Object, Object, Object, Object, Object, Object, Object, Object, Object, Object, Object, Object, Object, Object, Object, Object, Object, Object, Object, Object, Object, Object, Object, Object, Object, Object, Object, Object, Object, Object, Object, Object, Object, Object, Object, Object, Object, Object, Object, Object, Object, Object, Object, Object, Object, Object, Object, Object, Object, Object, Object, Object, Object, Object, Object, Object, Object, Object, Object, Object, Object, Object, Object, Object, Object, Object, Object, Object, Object, Object, Object, Object, Object, Object, Object, Object, Object, Object, Object, Object, Object] loading=false > 
  at <BCol md="9" class="results" > 
  at <BRow> 
  at <BOverlay rounded="sm" show=false variant="white"  ... > 
  at <BContainer fluid="md" class="mt-3" textQuery="water"  ... > 
  at <Search2 textQuery="water" resourceType=undefined exact="false"  ... > 
  at <RouterView> 
  at <App> @ http://localhost:5174/node_modules/.vite/deps/chunk-77GDWHOT.js?v=79eaa276:2209
[  421441ms] [WARNING] [Vue warn]: (deprecation CUSTOM_DIR) Custom directive hook "unbind" has been removed. Use "unmounted" instead.
  Details: https://v3-migration.vuejs.org/breaking-changes/custom-directives.html @ http://localhost:5174/node_modules/.vite/deps/chunk-77GDWHOT.js?v=79eaa276:2209
[  822461ms] [LOG] [vite] server connection lost. Polling for restart... @ http://localhost:5174/@vite/client:864
[  822826ms] [WARNING] [Vue warn]: (deprecation GLOBAL_EXTEND) Vue.extend() has been removed in Vue 3. Use defineComponent() instead.
  Details: https://vuejs.org/api/general.html#definecomponent @ http://localhost:5174/node_modules/.vite/deps/chunk-77GDWHOT.js?v=79eaa276:2209
[  822843ms] [WARNING] [Vue warn]: (deprecation GLOBAL_MOUNT) The global app bootstrapping API has changed: vm.$mount() and the "el" option have been removed. Use createApp(RootComponent).mount() instead.
  Details: https://v3-migration.vuejs.org/breaking-changes/global-api.html#mounting-app-instance @ http://localhost:5174/node_modules/.vite/deps/chunk-77GDWHOT.js?v=79eaa276:2209
[  822843ms] [WARNING] [Vue warn]: (deprecation WATCH_ARRAY) "watch" option or vm.$watch on an array value will no longer trigger on array mutation unless the "deep" option is specified. If current usage is intended, you can disable the compat behavior and suppress this warning with:

  configureCompat({ WATCH_ARRAY: false })

  Details: https://v3-migration.vuejs.org/breaking-changes/watch.html @ http://localhost:5174/node_modules/.vite/deps/chunk-77GDWHOT.js?v=79eaa276:2209
[  822860ms] [WARNING] [BootstrapVue warn]: Multiple instances of Vue detected!
You may need to set up an alias for Vue in your bundler config.
See: https://bootstrap-vue.org/docs#using-module-bundlers @ http://localhost:5174/node_modules/.vite/deps/bootstrap-vue.js?v=79eaa276:730
[  822860ms] [WARNING] [Vue warn]: (deprecation GLOBAL_PROTOTYPE) Vue.prototype is no longer available in Vue 3. Use app.config.globalProperties instead.
  Details: https://v3-migration.vuejs.org/breaking-changes/global-api.html#vue-prototype-replaced-by-config-globalproperties @ http://localhost:5174/node_modules/.vite/deps/chunk-77GDWHOT.js?v=79eaa276:2209
[  822861ms] [WARNING] [Vue warn]: Component "BFormRow" has already been registered in target app. @ http://localhost:5174/node_modules/.vite/deps/chunk-77GDWHOT.js?v=79eaa276:2209
[  822861ms] [WARNING] [Vue warn]: Plugin has already been applied to target app. @ http://localhost:5174/node_modules/.vite/deps/chunk-77GDWHOT.js?v=79eaa276:2209
[  822861ms] [WARNING] [Vue warn]: Plugin has already been applied to target app. @ http://localhost:5174/node_modules/.vite/deps/chunk-77GDWHOT.js?v=79eaa276:2209
[  822861ms] [WARNING] [Vue warn]: Plugin has already been applied to target app. @ http://localhost:5174/node_modules/.vite/deps/chunk-77GDWHOT.js?v=79eaa276:2209
[  822861ms] [WARNING] [Vue warn]: Plugin has already been applied to target app. @ http://localhost:5174/node_modules/.vite/deps/chunk-77GDWHOT.js?v=79eaa276:2209
[  822861ms] [WARNING] [Vue warn]: Plugin has already been applied to target app. @ http://localhost:5174/node_modules/.vite/deps/chunk-77GDWHOT.js?v=79eaa276:2209
[  822861ms] [WARNING] [Vue warn]: Directive "BModal" has already been registered in target app. @ http://localhost:5174/node_modules/.vite/deps/chunk-77GDWHOT.js?v=79eaa276:2209
[  822861ms] [WARNING] [Vue warn]: Plugin has already been applied to target app. @ http://localhost:5174/node_modules/.vite/deps/chunk-77GDWHOT.js?v=79eaa276:2209
[  822861ms] [WARNING] [Vue warn]: Plugin has already been applied to target app. @ http://localhost:5174/node_modules/.vite/deps/chunk-77GDWHOT.js?v=79eaa276:2209
[  822861ms] [WARNING] [Vue warn]: Plugin has already been applied to target app. @ http://localhost:5174/node_modules/.vite/deps/chunk-77GDWHOT.js?v=79eaa276:2209
[  822864ms] [WARNING] [Vue warn]: (deprecation CONFIG_DEVTOOLS) config.devtools has been removed. To enable devtools for production, configure the __VUE_PROD_DEVTOOLS__ compile-time flag.
  Details: https://github.com/vuejs/core/tree/main/packages/vue#bundler-build-feature-flags @ http://localhost:5174/node_modules/.vite/deps/chunk-77GDWHOT.js?v=79eaa276:2209
[  822920ms] [LOG] Trying to fetch tenant data @ http://localhost:5174/src/state.js:262
[  822930ms] [LOG] {tenant: Array(9)} @ http://localhost:5174/src/state.js:266
[  822932ms] [WARNING] [Vue warn]: (deprecation RENDER_FUNCTION) Vue 3's render function API has changed. You can opt-in to the new API with:

  configureCompat({ RENDER_FUNCTION: false })

  (This can also be done per-component via the "compatConfig" option.)
  Details: https://v3-migration.vuejs.org/breaking-changes/render-function-api.html 
  at <BNavbar toggleable="lg" type="dark" variant="primary"  ... > 
  at <NavHeader> 
  at <App> @ http://localhost:5174/node_modules/.vite/deps/chunk-77GDWHOT.js?v=79eaa276:2209
[  822932ms] [WARNING] [Vue warn]: (deprecation INSTANCE_SCOPED_SLOTS) vm.$scopedSlots has been removed. Use vm.$slots instead.
  Details: https://v3-migration.vuejs.org/breaking-changes/slots-unification.html 
  at <BNavbar toggleable="lg" type="dark" variant="primary"  ... > 
  at <NavHeader> 
  at <App> @ http://localhost:5174/node_modules/.vite/deps/chunk-77GDWHOT.js?v=79eaa276:2209
[  822932ms] [WARNING] [Vue warn]: (deprecation COMPONENT_FUNCTIONAL) Functional component <BContainer> should be defined as a plain function in Vue 3. The "functional" option has been removed. NOTE: Before migrating to use plain functions for functional components, first make sure that all async components usage have been migrated and its compat behavior has been disabled.
  Details: https://v3-migration.vuejs.org/breaking-changes/functional-components.html 
  at <BNavbar toggleable="lg" type="dark" variant="primary"  ... > 
  at <NavHeader> 
  at <App> @ http://localhost:5174/node_modules/.vite/deps/chunk-77GDWHOT.js?v=79eaa276:2209
[  822933ms] [WARNING] [Vue warn]: (deprecation INSTANCE_LISTENERS) vm.$listeners has been removed. In Vue 3, parent v-on listeners are included in vm.$attrs and it is no longer necessary to separately use v-on="$listeners" if you are already using v-bind="$attrs". (Note: the Vue 3 behavior only applies if this compat config is disabled)
  Details: https://v3-migration.vuejs.org/breaking-changes/listeners-removed.html 
  at <BContainer fluid="md" > 
  at <BNavbar toggleable="lg" type="dark" variant="primary"  ... > 
  at <NavHeader> 
  at <App> @ http://localhost:5174/node_modules/.vite/deps/chunk-77GDWHOT.js?v=79eaa276:2209
[  822933ms] [WARNING] [Vue warn]: (deprecation INSTANCE_LISTENERS) (2) 
  at <BNavbarNav class="d-lg-none" > 
  at <BContainer fluid="md" > 
  at <BNavbar toggleable="lg" type="dark" variant="primary"  ... > 
  at <NavHeader> 
  at <App> @ http://localhost:5174/node_modules/.vite/deps/chunk-77GDWHOT.js?v=79eaa276:2209
[  822935ms] [WARNING] [Vue warn]: (deprecation INSTANCE_LISTENERS) (3) 
  at <BNavItem class="mr-2" onClick=fn > 
  at <BNavbarNav class="d-lg-none" > 
  at <BContainer fluid="md" > 
  at <BNavbar toggleable="lg" type="dark" variant="primary"  ... > 
  at <NavHeader> 
  at <App> @ http://localhost:5174/node_modules/.vite/deps/chunk-77GDWHOT.js?v=79eaa276:2209
[  822935ms] [WARNING] [Vue warn]: (deprecation RENDER_FUNCTION) (2) 
  at <BLink class="nav-link" onClick=fn active=false  ... > 
  at <BNavItem class="mr-2" onClick=fn > 
  at <BNavbarNav class="d-lg-none" > 
  at <BContainer fluid="md" > 
  at <BNavbar toggleable="lg" type="dark" variant="primary"  ... > 
  at <NavHeader> 
  at <App> @ http://localhost:5174/node_modules/.vite/deps/chunk-77GDWHOT.js?v=79eaa276:2209
[  822935ms] [WARNING] [Vue warn]: (deprecation OPTIONS_DATA_MERGE) Detected conflicting key "bvListeners" when merging data option values. In Vue 3, data keys are merged shallowly and will override one another.
  Details: https://v3-migration.vuejs.org/breaking-changes/data-option.html#mixin-merge-behavior-change 
  at <BLink class="nav-link" onClick=fn active=false  ... > 
  at <BNavItem class="mr-2" onClick=fn > 
  at <BNavbarNav class="d-lg-none" > 
  at <BContainer fluid="md" > 
  at <BNavbar toggleable="lg" type="dark" variant="primary"  ... > 
  at <NavHeader> 
  at <App> @ http://localhost:5174/node_modules/.vite/deps/chunk-77GDWHOT.js?v=79eaa276:2209
[  822936ms] [WARNING] [Vue warn]: (deprecation INSTANCE_LISTENERS) (4) 
  at <BLink class="nav-link" onClick=fn active=false  ... > 
  at <BNavItem class="mr-2" onClick=fn > 
  at <BNavbarNav class="d-lg-none" > 
  at <BContainer fluid="md" > 
  at <BNavbar toggleable="lg" type="dark" variant="primary"  ... > 
  at <NavHeader> 
  at <App> @ http://localhost:5174/node_modules/.vite/deps/chunk-77GDWHOT.js?v=79eaa276:2209
[  822936ms] [WARNING] [Vue warn]: (deprecation OPTIONS_BEFORE_DESTROY) `beforeDestroy` has been renamed to `beforeUnmount`. 
  at <BLink class="nav-link" onClick=fn active=false  ... > 
  at <BNavItem class="mr-2" onClick=fn > 
  at <BNavbarNav class="d-lg-none" > 
  at <BContainer fluid="md" > 
  at <BNavbar toggleable="lg" type="dark" variant="primary"  ... > 
  at <NavHeader> 
  at <App> @ http://localhost:5174/node_modules/.vite/deps/chunk-77GDWHOT.js?v=79eaa276:2209
[  822936ms] [WARNING] [Vue warn]: (deprecation INSTANCE_SCOPED_SLOTS) (2) 
  at <BLink class="nav-link" onClick=fn active=false  ... > 
  at <BNavItem class="mr-2" onClick=fn > 
  at <BNavbarNav class="d-lg-none" > 
  at <BContainer fluid="md" > 
  at <BNavbar toggleable="lg" type="dark" variant="primary"  ... > 
  at <NavHeader> 
  at <App> @ http://localhost:5174/node_modules/.vite/deps/chunk-77GDWHOT.js?v=79eaa276:2209
[  822936ms] [WARNING] [Vue warn]: (deprecation INSTANCE_ATTRS_CLASS_STYLE) Component <BLink> has `inheritAttrs: false` but is relying on class/style fallthrough from parent. In Vue 3, class/style are now included in $attrs and will no longer fallthrough when inheritAttrs is false. If you are already using v-bind="$attrs" on component root it should render the same end result. If you are binding $attrs to a non-root element and expecting class/style to fallthrough on root, you will need to now manually bind them on root via :class="$attrs.class".
  Details: https://v3-migration.vuejs.org/breaking-changes/attrs-includes-class-style.html 
  at <BLink class="nav-link" onClick=fn active=false  ... > 
  at <BNavItem class="mr-2" onClick=fn > 
  at <BNavbarNav class="d-lg-none" > 
  at <BContainer fluid="md" > 
  at <BNavbar toggleable="lg" type="dark" variant="primary"  ... > 
  at <NavHeader> 
  at <App> @ http://localhost:5174/node_modules/.vite/deps/chunk-77GDWHOT.js?v=79eaa276:2209
[  822937ms] [WARNING] [Vue warn]: (deprecation INSTANCE_LISTENERS) (5) 
  at <BButton variant="outline-primary" > 
  at <BLink class="nav-link" onClick=fn active=false  ... > 
  at <BNavItem class="mr-2" onClick=fn > 
  at <BNavbarNav class="d-lg-none" > 
  at <BContainer fluid="md" > 
  at <BNavbar toggleable="lg" type="dark" variant="primary"  ... > 
  at <NavHeader> 
  at <App> @ http://localhost:5174/node_modules/.vite/deps/chunk-77GDWHOT.js?v=79eaa276:2209
[  822937ms] [WARNING] [Vue warn]: (deprecation INSTANCE_LISTENERS) (6) 
  at <BIcon icon="arrow-left" > 
  at <BButton variant="outline-primary" > 
  at <BLink class="nav-link" onClick=fn active=false  ... > 
  at <BNavItem class="mr-2" onClick=fn > 
  at <BNavbarNav class="d-lg-none" > 
  at <BContainer fluid="md" > 
  at <BNavbar toggleable="lg" type="dark" variant="primary"  ... > 
  at <NavHeader> 
  at <App> @ http://localhost:5174/node_modules/.vite/deps/chunk-77GDWHOT.js?v=79eaa276:2209
[  822937ms] [WARNING] [Vue warn]: (deprecation COMPONENT_FUNCTIONAL) (2) 
  at <BIcon icon="arrow-left" > 
  at <BButton variant="outline-primary" > 
  at <BLink class="nav-link" onClick=fn active=false  ... > 
  at <BNavItem class="mr-2" onClick=fn > 
  at <BNavbarNav class="d-lg-none" > 
  at <BContainer fluid="md" > 
  at <BNavbar toggleable="lg" type="dark" variant="primary"  ... > 
  at <NavHeader> 
  at <App> @ http://localhost:5174/node_modules/.vite/deps/chunk-77GDWHOT.js?v=79eaa276:2209
[  822938ms] [WARNING] [Vue warn]: (deprecation INSTANCE_LISTENERS) (7) 
  at <BIconBlank icon="arrow-left" animation=undefined flipH=false  ... > 
  at <BIcon icon="arrow-left" > 
  at <BButton variant="outline-primary" > 
  at <BLink class="nav-link" onClick=fn active=false  ... > 
  at <BNavItem class="mr-2" onClick=fn > 
  at <BNavbarNav class="d-lg-none" > 
  at <BContainer fluid="md" > 
  at <BNavbar toggleable="lg" type="dark" variant="primary"  ... > 
  at <NavHeader> 
  at <App> @ http://localhost:5174/node_modules/.vite/deps/chunk-77GDWHOT.js?v=79eaa276:2209
[  822938ms] [WARNING] [Vue warn]: (deprecation COMPONENT_FUNCTIONAL) (3) 
  at <BIconBlank icon="arrow-left" animation=undefined flipH=false  ... > 
  at <BIcon icon="arrow-left" > 
  at <BButton variant="outline-primary" > 
  at <BLink class="nav-link" onClick=fn active=false  ... > 
  at <BNavItem class="mr-2" onClick=fn > 
  at <BNavbarNav class="d-lg-none" > 
  at <BContainer fluid="md" > 
  at <BNavbar toggleable="lg" type="dark" variant="primary"  ... > 
  at <NavHeader> 
  at <App> @ http://localhost:5174/node_modules/.vite/deps/chunk-77GDWHOT.js?v=79eaa276:2209
[  822938ms] [WARNING] [Vue warn]: (deprecation INSTANCE_LISTENERS) (8) 
  at <BIconBase aria-label="blank" icon="arrow-left" title=undefined  ... > 
  at <BIconBlank icon="arrow-left" animation=undefined flipH=false  ... > 
  at <BIcon icon="arrow-left" > 
  at <BButton variant="outline-primary" > 
  at <BLink class="nav-link" onClick=fn active=false  ... > 
  at <BNavItem class="mr-2" onClick=fn > 
  at <BNavbarNav class="d-lg-none" > 
  at <BContainer fluid="md" > 
  at <BNavbar toggleable="lg" type="dark" variant="primary"  ... > 
  at <NavHeader> 
  at <App> @ http://localhost:5174/node_modules/.vite/deps/chunk-77GDWHOT.js?v=79eaa276:2209
[  822939ms] [WARNING] [Vue warn]: (deprecation INSTANCE_LISTENERS) (9) 
  at <BNavbarBrand href="https://www.earthcube.org/geocodes" target="_blank" class="mr-0" > 
  at <BContainer fluid="md" > 
  at <BNavbar toggleable="lg" type="dark" variant="primary"  ... > 
  at <NavHeader> 
  at <App> @ http://localhost:5174/node_modules/.vite/deps/chunk-77GDWHOT.js?v=79eaa276:2209
[  822941ms] [WARNING] [Vue warn]: (deprecation RENDER_FUNCTION) (3) 
  at <BNavbarToggle target="nav-collapse" > 
  at <BContainer fluid="md" > 
  at <BNavbar toggleable="lg" type="dark" variant="primary"  ... > 
  at <NavHeader> 
  at <App> @ http://localhost:5174/node_modules/.vite/deps/chunk-77GDWHOT.js?v=79eaa276:2209
[  822941ms] [WARNING] [Vue warn]: (deprecation INSTANCE_EVENT_EMITTER) vm.$on/$once/$off() have been removed. Use an external event emitter library instead.
  Details: https://v3-migration.vuejs.org/breaking-changes/events-api.html 
  at <BNavbarToggle target="nav-collapse" > 
  at <BContainer fluid="md" > 
  at <BNavbar toggleable="lg" type="dark" variant="primary"  ... > 
  at <NavHeader> 
  at <App> @ http://localhost:5174/node_modules/.vite/deps/chunk-77GDWHOT.js?v=79eaa276:2209
[  822941ms] [WARNING] [Vue warn]: (deprecation OPTIONS_BEFORE_DESTROY) (2) 
  at <BNavbarToggle target="nav-collapse" > 
  at <BContainer fluid="md" > 
  at <BNavbar toggleable="lg" type="dark" variant="primary"  ... > 
  at <NavHeader> 
  at <App> @ http://localhost:5174/node_modules/.vite/deps/chunk-77GDWHOT.js?v=79eaa276:2209
[  822942ms] [WARNING] [Vue warn]: (deprecation INSTANCE_SCOPED_SLOTS) (3) 
  at <BNavbarToggle target="nav-collapse" > 
  at <BContainer fluid="md" > 
  at <BNavbar toggleable="lg" type="dark" variant="primary"  ... > 
  at <NavHeader> 
  at <App> @ http://localhost:5174/node_modules/.vite/deps/chunk-77GDWHOT.js?v=79eaa276:2209
[  822942ms] [WARNING] [Vue warn]: (deprecation CUSTOM_DIR) Custom directive hook "bind" has been removed. Use "beforeMount" instead.
  Details: https://v3-migration.vuejs.org/breaking-changes/custom-directives.html 
  at <BNavbarToggle target="nav-collapse" > 
  at <BContainer fluid="md" > 
  at <BNavbar toggleable="lg" type="dark" variant="primary"  ... > 
  at <NavHeader> 
  at <App> @ http://localhost:5174/node_modules/.vite/deps/chunk-77GDWHOT.js?v=79eaa276:2209
[  822942ms] [WARNING] [Vue warn]: (deprecation RENDER_FUNCTION) (4) 
  at <BCollapse id="nav-collapse" is-nav="" > 
  at <BContainer fluid="md" > 
  at <BNavbar toggleable="lg" type="dark" variant="primary"  ... > 
  at <NavHeader> 
  at <App> @ http://localhost:5174/node_modules/.vite/deps/chunk-77GDWHOT.js?v=79eaa276:2209
[  822943ms] [WARNING] [Vue warn]: (deprecation OPTIONS_BEFORE_DESTROY) (3) 
  at <BCollapse id="nav-collapse" is-nav="" > 
  at <BContainer fluid="md" > 
  at <BNavbar toggleable="lg" type="dark" variant="primary"  ... > 
  at <NavHeader> 
  at <App> @ http://localhost:5174/node_modules/.vite/deps/chunk-77GDWHOT.js?v=79eaa276:2209
[  822943ms] [WARNING] [Vue warn]: (deprecation INSTANCE_SCOPED_SLOTS) (4) 
  at <BCollapse id="nav-collapse" is-nav="" > 
  at <BContainer fluid="md" > 
  at <BNavbar toggleable="lg" type="dark" variant="primary"  ... > 
  at <NavHeader> 
  at <App> @ http://localhost:5174/node_modules/.vite/deps/chunk-77GDWHOT.js?v=79eaa276:2209
[  822943ms] [WARNING] [Vue warn]: (deprecation COMPONENT_FUNCTIONAL) (4) 
  at <BCollapse id="nav-collapse" is-nav="" > 
  at <BContainer fluid="md" > 
  at <BNavbar toggleable="lg" type="dark" variant="primary"  ... > 
  at <NavHeader> 
  at <App> @ http://localhost:5174/node_modules/.vite/deps/chunk-77GDWHOT.js?v=79eaa276:2209
[  822943ms] [WARNING] [Vue warn]: (deprecation INSTANCE_LISTENERS) (10) 
  at <BVCollapse onEnter=fn<bound onEnter3> onAfterEnter=fn<bound onAfterEnter3> onLeave=fn<bound onLeave3>  ... > 
  at <BCollapse id="nav-collapse" is-nav="" > 
  at <BContainer fluid="md" > 
  at <BNavbar toggleable="lg" type="dark" variant="primary"  ... > 
  at <NavHeader> 
  at <App> @ http://localhost:5174/node_modules/.vite/deps/chunk-77GDWHOT.js?v=79eaa276:2209
[  822944ms] [WARNING] [Vue warn]: (deprecation INSTANCE_LISTENERS) (11) 
  at <BNavForm onSubmit=fn > 
  at <BNavbarNav class="ml-auto menu_nav" > 
  at <BaseTransition onEnter=fn onAfterEnter= [, ] onLeave=fn<onLeave>  ... > 
  at <Transition onEnter= [, ] onAfterEnter= [, ] onLeave= [, ]  ... > 
  at <BVCollapse onEnter=fn<bound onEnter3> onAfterEnter=fn<bound onAfterEnter3> onLeave=fn<bound onLeave3>  ... > 
  at <BCollapse id="nav-collapse" is-nav="" > 
  at <BContainer fluid="md" > 
  at <BNavbar toggleable="lg" type="dark" variant="primary"  ... > 
  at <NavHeader> 
  at <App> @ http://localhost:5174/node_modules/.vite/deps/chunk-77GDWHOT.js?v=79eaa276:2209
[  822944ms] [WARNING] [Vue warn]: (deprecation COMPONENT_FUNCTIONAL) (5) 
  at <BNavForm onSubmit=fn > 
  at <BNavbarNav class="ml-auto menu_nav" > 
  at <BaseTransition onEnter=fn onAfterEnter= [, ] onLeave=fn<onLeave>  ... > 
  at <Transition onEnter= [, ] onAfterEnter= [, ] onLeave= [, ]  ... > 
  at <BVCollapse onEnter=fn<bound onEnter3> onAfterEnter=fn<bound onAfterEnter3> onLeave=fn<bound onLeave3>  ... > 
  at <BCollapse id="nav-collapse" is-nav="" > 
  at <BContainer fluid="md" > 
  at <BNavbar toggleable="lg" type="dark" variant="primary"  ... > 
  at <NavHeader> 
  at <App> @ http://localhost:5174/node_modules/.vite/deps/chunk-77GDWHOT.js?v=79eaa276:2209
[  822945ms] [WARNING] [Vue warn]: (deprecation INSTANCE_LISTENERS) (12) 
  at <BForm class=undefined onSubmit=fn id=undefined  ... > 
  at <BNavForm onSubmit=fn > 
  at <BNavbarNav class="ml-auto menu_nav" > 
  at <BaseTransition onEnter=fn onAfterEnter= [, ] onLeave=fn<onLeave>  ... > 
  at <Transition onEnter= [, ] onAfterEnter= [, ] onLeave= [, ]  ... > 
  at <BVCollapse onEnter=fn<bound onEnter3> onAfterEnter=fn<bound onAfterEnter3> onLeave=fn<bound onLeave3>  ... > 
  at <BCollapse id="nav-collapse" is-nav="" > 
  at <BContainer fluid="md" > 
  at <BNavbar toggleable="lg" type="dark" variant="primary"  ... > 
  at <NavHeader> 
  at <App> @ http://localhost:5174/node_modules/.vite/deps/chunk-77GDWHOT.js?v=79eaa276:2209
[  822945ms] [WARNING] [Vue warn]: (deprecation INSTANCE_LISTENERS) (13) 
  at <BInputGroup size="sm" > 
  at <BForm class=undefined onSubmit=fn id=undefined  ... > 
  at <BNavForm onSubmit=fn > 
  at <BNavbarNav class="ml-auto menu_nav" > 
  at <BaseTransition onEnter=fn onAfterEnter= [, ] onLeave=fn<onLeave>  ... > 
  at <Transition onEnter= [, ] onAfterEnter= [, ] onLeave= [, ]  ... > 
  at <BVCollapse onEnter=fn<bound onEnter3> onAfterEnter=fn<bound onAfterEnter3> onLeave=fn<bound onLeave3>  ... > 
  at <BCollapse id="nav-collapse" is-nav="" > 
  at <BContainer fluid="md" > 
  at <BNavbar toggleable="lg" type="dark" variant="primary"  ... > 
  at <NavHeader> 
  at <App> @ http://localhost:5174/node_modules/.vite/deps/chunk-77GDWHOT.js?v=79eaa276:2209
[  822946ms] [WARNING] [Vue warn]: (deprecation COMPONENT_V_MODEL) v-model usage on component has changed in Vue 3. Component that expects to work with v-model should now use the "modelValue" prop and emit the "update:modelValue" event. You can update the usage and then opt-in to Vue 3 behavior on a per-component basis with `compatConfig: { COMPONENT_V_MODEL: false }`.
  Details: https://v3-migration.vuejs.org/breaking-changes/v-model.html 
  at <BFormInput modelValue="" onUpdate:modelValue=fn type="search"  ... > @ http://localhost:5174/node_modules/.vite/deps/chunk-77GDWHOT.js?v=79eaa276:2209
[  822946ms] [WARNING] [Vue warn]: (deprecation RENDER_FUNCTION) (5) 
  at <BFormInput type="search" placeholder="Search" onKeydown=fn  ... > 
  at <BInputGroup size="sm" > 
  at <BForm class=undefined onSubmit=fn id=undefined  ... > 
  at <BNavForm onSubmit=fn > 
  at <BNavbarNav class="ml-auto menu_nav" > 
  at <BaseTransition onEnter=fn onAfterEnter= [, ] onLeave=fn<onLeave>  ... > 
  at <Transition onEnter= [, ] onAfterEnter= [, ] onLeave= [, ]  ... > 
  at <BVCollapse onEnter=fn<bound onEnter3> onAfterEnter=fn<bound onAfterEnter3> onLeave=fn<bound onLeave3>  ... > 
  at <BCollapse id="nav-collapse" is-nav="" > 
  at <BContainer fluid="md" > 
  at <BNavbar toggleable="lg" type="dark" variant="primary"  ... > 
  at <NavHeader> 
  at <App> @ http://localhost:5174/node_modules/.vite/deps/chunk-77GDWHOT.js?v=79eaa276:2209
[  822947ms] [WARNING] [Vue warn]: (deprecation OPTIONS_DATA_MERGE) (2) 
  at <BFormInput type="search" placeholder="Search" onKeydown=fn  ... > 
  at <BInputGroup size="sm" > 
  at <BForm class=undefined onSubmit=fn id=undefined  ... > 
  at <BNavForm onSubmit=fn > 
  at <BNavbarNav class="ml-auto menu_nav" > 
  at <BaseTransition onEnter=fn onAfterEnter= [, ] onLeave=fn<onLeave>  ... > 
  at <Transition onEnter= [, ] onAfterEnter= [, ] onLeave= [, ]  ... > 
  at <BVCollapse onEnter=fn<bound onEnter3> onAfterEnter=fn<bound onAfterEnter3> onLeave=fn<bound onLeave3>  ... > 
  at <BCollapse id="nav-collapse" is-nav="" > 
  at <BContainer fluid="md" > 
  at <BNavbar toggleable="lg" type="dark" variant="primary"  ... > 
  at <NavHeader> 
  at <App> @ http://localhost:5174/node_modules/.vite/deps/chunk-77GDWHOT.js?v=79eaa276:2209
[  822947ms] [WARNING] [Vue warn]: (deprecation INSTANCE_LISTENERS) (14) 
  at <BFormInput type="search" placeholder="Search" onKeydown=fn  ... > 
  at <BInputGroup size="sm" > 
  at <BForm class=undefined onSubmit=fn id=undefined  ... > 
  at <BNavForm onSubmit=fn > 
  at <BNavbarNav class="ml-auto menu_nav" > 
  at <BaseTransition onEnter=fn onAfterEnter= [, ] onLeave=fn<onLeave>  ... > 
  at <Transition onEnter= [, ] onAfterEnter= [, ] onLeave= [, ]  ... > 
  at <BVCollapse onEnter=fn<bound onEnter3> onAfterEnter=fn<bound onAfterEnter3> onLeave=fn<bound onLeave3>  ... > 
  at <BCollapse id="nav-collapse" is-nav="" > 
  at <BContainer fluid="md" > 
  at <BNavbar toggleable="lg" type="dark" variant="primary"  ... > 
  at <NavHeader> 
  at <App> @ http://localhost:5174/node_modules/.vite/deps/chunk-77GDWHOT.js?v=79eaa276:2209
[  822947ms] [WARNING] [Vue warn]: (deprecation OPTIONS_BEFORE_DESTROY) (4) 
  at <BFormInput type="search" placeholder="Search" onKeydown=fn  ... > 
  at <BInputGroup size="sm" > 
  at <BForm class=undefined onSubmit=fn id=undefined  ... > 
  at <BNavForm onSubmit=fn > 
  at <BNavbarNav class="ml-auto menu_nav" > 
  at <BaseTransition onEnter=fn onAfterEnter= [, ] onLeave=fn<onLeave>  ... > 
  at <Transition onEnter= [, ] onAfterEnter= [, ] onLeave= [, ]  ... > 
  at <BVCollapse onEnter=fn<bound onEnter3> onAfterEnter=fn<bound onAfterEnter3> onLeave=fn<bound onLeave3>  ... > 
  at <BCollapse id="nav-collapse" is-nav="" > 
  at <BContainer fluid="md" > 
  at <BNavbar toggleable="lg" type="dark" variant="primary"  ... > 
  at <NavHeader> 
  at <App> @ http://localhost:5174/node_modules/.vite/deps/chunk-77GDWHOT.js?v=79eaa276:2209
[  822948ms] [WARNING] [Vue warn]: (deprecation ATTR_FALSE_VALUE) Attribute "aria-invalid" with v-bind value `false` will render aria-invalid="false" instead of removing it in Vue 3. To remove the attribute, use `null` or `undefined` instead. If the usage is intended, you can disable the compat behavior and suppress this warning with:

  configureCompat({ ATTR_FALSE_VALUE: false })

  Details: https://v3-migration.vuejs.org/breaking-changes/attribute-coercion.html 
  at <BFormInput type="search" placeholder="Search" onKeydown=fn  ... > 
  at <BInputGroup size="sm" > 
  at <BForm class=undefined onSubmit=fn id=undefined  ... > 
  at <BNavForm onSubmit=fn > 
  at <BNavbarNav class="ml-auto menu_nav" > 
  at <BaseTransition onEnter=fn onAfterEnter= [, ] onLeave=fn<onLeave>  ... > 
  at <Transition onEnter= [, ] onAfterEnter= [, ] onLeave= [, ]  ... > 
  at <BVCollapse onEnter=fn<bound onEnter3> onAfterEnter=fn<bound onAfterEnter3> onLeave=fn<bound onLeave3>  ... > 
  at <BCollapse id="nav-collapse" is-nav="" > 
  at <BContainer fluid="md" > 
  at <BNavbar toggleable="lg" type="dark" variant="primary"  ... > 
  at <NavHeader> 
  at <App> @ http://localhost:5174/node_modules/.vite/deps/chunk-77GDWHOT.js?v=79eaa276:2209
[  822948ms] [WARNING] [Vue warn]: (deprecation INSTANCE_LISTENERS) (15) 
  at <BInputGroupAppend> 
  at <BInputGroup size="sm" > 
  at <BForm class=undefined onSubmit=fn id=undefined  ... > 
  at <BNavForm onSubmit=fn > 
  at <BNavbarNav class="ml-auto menu_nav" > 
  at <BaseTransition onEnter=fn onAfterEnter= [, ] onLeave=fn<onLeave>  ... > 
  at <Transition onEnter= [, ] onAfterEnter= [, ] onLeave= [, ]  ... > 
  at <BVCollapse onEnter=fn<bound onEnter3> onAfterEnter=fn<bound onAfterEnter3> onLeave=fn<bound onLeave3>  ... > 
  at <BCollapse id="nav-collapse" is-nav="" > 
  at <BContainer fluid="md" > 
  at <BNavbar toggleable="lg" type="dark" variant="primary"  ... > 
  at <NavHeader> 
  at <App> @ http://localhost:5174/node_modules/.vite/deps/chunk-77GDWHOT.js?v=79eaa276:2209
[  822949ms] [WARNING] [Vue warn]: (deprecation COMPONENT_FUNCTIONAL) (6) 
  at <BInputGroupAppend> 
  at <BInputGroup size="sm" > 
  at <BForm class=undefined onSubmit=fn id=undefined  ... > 
  at <BNavForm onSubmit=fn > 
  at <BNavbarNav class="ml-auto menu_nav" > 
  at <BaseTransition onEnter=fn onAfterEnter= [, ] onLeave=fn<onLeave>  ... > 
  at <Transition onEnter= [, ] onAfterEnter= [, ] onLeave= [, ]  ... > 
  at <BVCollapse onEnter=fn<bound onEnter3> onAfterEnter=fn<bound onAfterEnter3> onLeave=fn<bound onLeave3>  ... > 
  at <BCollapse id="nav-collapse" is-nav="" > 
  at <BContainer fluid="md" > 
  at <BNavbar toggleable="lg" type="dark" variant="primary"  ... > 
  at <NavHeader> 
  at <App> @ http://localhost:5174/node_modules/.vite/deps/chunk-77GDWHOT.js?v=79eaa276:2209
[  822949ms] [WARNING] [Vue warn]: (deprecation INSTANCE_LISTENERS) (16) 
  at <BInputGroupAddon id=undefined isText=false tag="div"  ... > 
  at <BInputGroupAppend> 
  at <BInputGroup size="sm" > 
  at <BForm class=undefined onSubmit=fn id=undefined  ... > 
  at <BNavForm onSubmit=fn > 
  at <BNavbarNav class="ml-auto menu_nav" > 
  at <BaseTransition onEnter=fn onAfterEnter= [, ] onLeave=fn<onLeave>  ... > 
  at <Transition onEnter= [, ] onAfterEnter= [, ] onLeave= [, ]  ... > 
  at <BVCollapse onEnter=fn<bound onEnter3> onAfterEnter=fn<bound onAfterEnter3> onLeave=fn<bound onLeave3>  ... > 
  at <BCollapse id="nav-collapse" is-nav="" > 
  at <BContainer fluid="md" > 
  at <BNavbar toggleable="lg" type="dark" variant="primary"  ... > 
  at <NavHeader> 
  at <App> @ http://localhost:5174/node_modules/.vite/deps/chunk-77GDWHOT.js?v=79eaa276:2209
[  822951ms] [WARNING] [Vue warn]: (deprecation RENDER_FUNCTION) (6) 
  at <BDropdown text="SPARQL" variant="primary" > 
  at <BNavbarNav class="ml-auto menu_nav" > 
  at <BaseTransition onEnter=fn onAfterEnter= [, ] onLeave=fn<onLeave>  ... > 
  at <Transition onEnter= [, ] onAfterEnter= [, ] onLeave= [, ]  ... > 
  at <BVCollapse onEnter=fn<bound onEnter3> onAfterEnter=fn<bound onAfterEnter3> onLeave=fn<bound onLeave3>  ... > 
  at <BCollapse id="nav-collapse" is-nav="" > 
  at <BContainer fluid="md" > 
  at <BNavbar toggleable="lg" type="dark" variant="primary"  ... > 
  at <NavHeader> 
  at <App> @ http://localhost:5174/node_modules/.vite/deps/chunk-77GDWHOT.js?v=79eaa276:2209
[  822951ms] [WARNING] [Vue warn]: (deprecation OPTIONS_BEFORE_DESTROY) (5) 
  at <BDropdown text="SPARQL" variant="primary" > 
  at <BNavbarNav class="ml-auto menu_nav" > 
  at <BaseTransition onEnter=fn onAfterEnter= [, ] onLeave=fn<onLeave>  ... > 
  at <Transition onEnter= [, ] onAfterEnter= [, ] onLeave= [, ]  ... > 
  at <BVCollapse onEnter=fn<bound onEnter3> onAfterEnter=fn<bound onAfterEnter3> onLeave=fn<bound onLeave3>  ... > 
  at <BCollapse id="nav-collapse" is-nav="" > 
  at <BContainer fluid="md" > 
  at <BNavbar toggleable="lg" type="dark" variant="primary"  ... > 
  at <NavHeader> 
  at <App> @ http://localhost:5174/node_modules/.vite/deps/chunk-77GDWHOT.js?v=79eaa276:2209
[  822951ms] [WARNING] [Vue warn]: (deprecation INSTANCE_SCOPED_SLOTS) (5) 
  at <BDropdown text="SPARQL" variant="primary" > 
  at <BNavbarNav class="ml-auto menu_nav" > 
  at <BaseTransition onEnter=fn onAfterEnter= [, ] onLeave=fn<onLeave>  ... > 
  at <Transition onEnter= [, ] onAfterEnter= [, ] onLeave= [, ]  ... > 
  at <BVCollapse onEnter=fn<bound onEnter3> onAfterEnter=fn<bound onAfterEnter3> onLeave=fn<bound onLeave3>  ... > 
  at <BCollapse id="nav-collapse" is-nav="" > 
  at <BContainer fluid="md" > 
  at <BNavbar toggleable="lg" type="dark" variant="primary"  ... > 
  at <NavHeader> 
  at <App> @ http://localhost:5174/node_modules/.vite/deps/chunk-77GDWHOT.js?v=79eaa276:2209
[  822952ms] [WARNING] [Vue warn]: (deprecation COMPONENT_FUNCTIONAL) (7) 
  at <BDropdown text="SPARQL" variant="primary" > 
  at <BNavbarNav class="ml-auto menu_nav" > 
  at <BaseTransition onEnter=fn onAfterEnter= [, ] onLeave=fn<onLeave>  ... > 
  at <Transition onEnter= [, ] onAfterEnter= [, ] onLeave= [, ]  ... > 
  at <BVCollapse onEnter=fn<bound onEnter3> onAfterEnter=fn<bound onAfterEnter3> onLeave=fn<bound onLeave3>  ... > 
  at <BCollapse id="nav-collapse" is-nav="" > 
  at <BContainer fluid="md" > 
  at <BNavbar toggleable="lg" type="dark" variant="primary"  ... > 
  at <NavHeader> 
  at <App> @ http://localhost:5174/node_modules/.vite/deps/chunk-77GDWHOT.js?v=79eaa276:2209
[  822953ms] [WARNING] [Vue warn]: (deprecation RENDER_FUNCTION) (7) 
  at <BDropdownItem target="_blank" onClick=fn > 
  at <BDropdown text="SPARQL" variant="primary" > 
  at <BNavbarNav class="ml-auto menu_nav" > 
  at <BaseTransition onEnter=fn onAfterEnter= [, ] onLeave=fn<onLeave>  ... > 
  at <Transition onEnter= [, ] onAfterEnter= [, ] onLeave= [, ]  ... > 
  at <BVCollapse onEnter=fn<bound onEnter3> onAfterEnter=fn<bound onAfterEnter3> onLeave=fn<bound onLeave3>  ... > 
  at <BCollapse id="nav-collapse" is-nav="" > 
  at <BContainer fluid="md" > 
  at <BNavbar toggleable="lg" type="dark" variant="primary"  ... > 
  at <NavHeader> 
  at <App> @ http://localhost:5174/node_modules/.vite/deps/chunk-77GDWHOT.js?v=79eaa276:2209
[  822953ms] [WARNING] [Vue warn]: (deprecation INSTANCE_SCOPED_SLOTS) (6) 
  at <BDropdownItem target="_blank" onClick=fn > 
  at <BDropdown text="SPARQL" variant="primary" > 
  at <BNavbarNav class="ml-auto menu_nav" > 
  at <BaseTransition onEnter=fn onAfterEnter= [, ] onLeave=fn<onLeave>  ... > 
  at <Transition onEnter= [, ] onAfterEnter= [, ] onLeave= [, ]  ... > 
  at <BVCollapse onEnter=fn<bound onEnter3> onAfterEnter=fn<bound onAfterEnter3> onLeave=fn<bound onLeave3>  ... > 
  at <BCollapse id="nav-collapse" is-nav="" > 
  at <BContainer fluid="md" > 
  at <BNavbar toggleable="lg" type="dark" variant="primary"  ... > 
  at <NavHeader> 
  at <App> @ http://localhost:5174/node_modules/.vite/deps/chunk-77GDWHOT.js?v=79eaa276:2209
[  822955ms] [WARNING] [Vue warn]: (deprecation COMPONENT_FUNCTIONAL) (8) 
  at <Search2 textQuery="water" resourceType=undefined exact="false"  ... > 
  at <RouterView> 
  at <App> @ http://localhost:5174/node_modules/.vite/deps/chunk-77GDWHOT.js?v=79eaa276:2209
[  822955ms] [WARNING] [Vue warn]: (deprecation RENDER_FUNCTION) (8) 
  at <BOverlay rounded="sm" show=false variant="white"  ... > 
  at <BContainer fluid="md" class="mt-3" textQuery="water"  ... > 
  at <Search2 textQuery="water" resourceType=undefined exact="false"  ... > 
  at <RouterView> 
  at <App> @ http://localhost:5174/node_modules/.vite/deps/chunk-77GDWHOT.js?v=79eaa276:2209
[  822955ms] [WARNING] [Vue warn]: (deprecation COMPONENT_FUNCTIONAL) (9) 
  at <BOverlay rounded="sm" show=false variant="white"  ... > 
  at <BContainer fluid="md" class="mt-3" textQuery="water"  ... > 
  at <Search2 textQuery="water" resourceType=undefined exact="false"  ... > 
  at <RouterView> 
  at <App> @ http://localhost:5174/node_modules/.vite/deps/chunk-77GDWHOT.js?v=79eaa276:2209
[  822956ms] [WARNING] [Vue warn]: (deprecation INSTANCE_SCOPED_SLOTS) (7) 
  at <BOverlay rounded="sm" show=false variant="white"  ... > 
  at <BContainer fluid="md" class="mt-3" textQuery="water"  ... > 
  at <Search2 textQuery="water" resourceType=undefined exact="false"  ... > 
  at <RouterView> 
  at <App> @ http://localhost:5174/node_modules/.vite/deps/chunk-77GDWHOT.js?v=79eaa276:2209
[  822957ms] [WARNING] [Vue warn]: (deprecation COMPONENT_V_MODEL) (2) 
  at <BFormCheckbox modelValue=true onUpdate:modelValue=fn class="small" > @ http://localhost:5174/node_modules/.vite/deps/chunk-77GDWHOT.js?v=79eaa276:2209
[  822958ms] [WARNING] [Vue warn]: (deprecation RENDER_FUNCTION) (9) 
  at <BFormCheckbox class="small" checked=true onModelCompat:input=fn > 
  at <BCol md="3" class="sidebar" > 
  at <BRow> 
  at <BOverlay rounded="sm" show=false variant="white"  ... > 
  at <BContainer fluid="md" class="mt-3" textQuery="water"  ... > 
  at <Search2 textQuery="water" resourceType=undefined exact="false"  ... > 
  at <RouterView> 
  at <App> @ http://localhost:5174/node_modules/.vite/deps/chunk-77GDWHOT.js?v=79eaa276:2209
[  822959ms] [WARNING] [Vue warn]: (deprecation INSTANCE_SCOPED_SLOTS) (8) 
  at <BFormCheckbox class="small" checked=true onModelCompat:input=fn > 
  at <BCol md="3" class="sidebar" > 
  at <BRow> 
  at <BOverlay rounded="sm" show=false variant="white"  ... > 
  at <BContainer fluid="md" class="mt-3" textQuery="water"  ... > 
  at <Search2 textQuery="water" resourceType=undefined exact="false"  ... > 
  at <RouterView> 
  at <App> @ http://localhost:5174/node_modules/.vite/deps/chunk-77GDWHOT.js?v=79eaa276:2209
[  822959ms] [WARNING] [Vue warn]: (deprecation INSTANCE_ATTRS_CLASS_STYLE) Component <BFormCheckbox> has `inheritAttrs: false` but is relying on class/style fallthrough from parent. In Vue 3, class/style are now included in $attrs and will no longer fallthrough when inheritAttrs is false. If you are already using v-bind="$attrs" on component root it should render the same end result. If you are binding $attrs to a non-root element and expecting class/style to fallthrough on root, you will need to now manually bind them on root via :class="$attrs.class".
  Details: https://v3-migration.vuejs.org/breaking-changes/attrs-includes-class-style.html 
  at <BFormCheckbox class="small" checked=true onModelCompat:input=fn > 
  at <BCol md="3" class="sidebar" > 
  at <BRow> 
  at <BOverlay rounded="sm" show=false variant="white"  ... > 
  at <BContainer fluid="md" class="mt-3" textQuery="water"  ... > 
  at <Search2 textQuery="water" resourceType=undefined exact="false"  ... > 
  at <RouterView> 
  at <App> @ http://localhost:5174/node_modules/.vite/deps/chunk-77GDWHOT.js?v=79eaa276:2209
[  822964ms] [WARNING] [Vue warn]: (deprecation COMPONENT_FUNCTIONAL) (10) 
  at <BCollapse visible=true > 
  at <GeoBoundingBoxPicker2 facet-config= {field: spatialCoverage, title: Spatial Filter, sort: acs, open: true, type: geo} > 
  at <Facets2 facets= [Object, Object, Object, Object, Object, Object, Object, Object] > 
  at <BCol md="3" class="sidebar" > 
  at <BRow> 
  at <BOverlay rounded="sm" show=false variant="white"  ... > 
  at <BContainer fluid="md" class="mt-3" textQuery="water"  ... > 
  at <Search2 textQuery="water" resourceType=undefined exact="false"  ... > 
  at <RouterView> 
  at <App> @ http://localhost:5174/node_modules/.vite/deps/chunk-77GDWHOT.js?v=79eaa276:2209
[  822964ms] [WARNING] [Vue warn]: (deprecation COMPONENT_FUNCTIONAL) (11) 
  at <Feedback subject="Search" name="" urn="" > 
  at <BCol md="3" class="sidebar" > 
  at <BRow> 
  at <BOverlay rounded="sm" show=false variant="white"  ... > 
  at <BContainer fluid="md" class="mt-3" textQuery="water"  ... > 
  at <Search2 textQuery="water" resourceType=undefined exact="false"  ... > 
  at <RouterView> 
  at <App> @ http://localhost:5174/node_modules/.vite/deps/chunk-77GDWHOT.js?v=79eaa276:2209
[  822965ms] [WARNING] [Vue warn]: (deprecation RENDER_FUNCTION) (10) 
  at <BModal id="feedback-modal" ref="modal" size="lg"  ... > 
  at <Feedback subject="Search" name="" urn="" > 
  at <BCol md="3" class="sidebar" > 
  at <BRow> 
  at <BOverlay rounded="sm" show=false variant="white"  ... > 
  at <BContainer fluid="md" class="mt-3" textQuery="water"  ... > 
  at <Search2 textQuery="water" resourceType=undefined exact="false"  ... > 
  at <RouterView> 
  at <App> @ http://localhost:5174/node_modules/.vite/deps/chunk-77GDWHOT.js?v=79eaa276:2209
[  822966ms] [WARNING] [Vue warn]: (deprecation OPTIONS_BEFORE_DESTROY) (6) 
  at <BModal id="feedback-modal" ref="modal" size="lg"  ... > 
  at <Feedback subject="Search" name="" urn="" > 
  at <BCol md="3" class="sidebar" > 
  at <BRow> 
  at <BOverlay rounded="sm" show=false variant="white"  ... > 
  at <BContainer fluid="md" class="mt-3" textQuery="water"  ... > 
  at <Search2 textQuery="water" resourceType=undefined exact="false"  ... > 
  at <RouterView> 
  at <App> @ http://localhost:5174/node_modules/.vite/deps/chunk-77GDWHOT.js?v=79eaa276:2209
[  822966ms] [WARNING] [Vue warn]: (deprecation COMPONENT_V_MODEL) (3) 
  at <BFormSelect modelValue="score" onUpdate:modelValue=fn options= [Object, Object, Object, Object]  ... > @ http://localhost:5174/node_modules/.vite/deps/chunk-77GDWHOT.js?v=79eaa276:2209
[  822966ms] [WARNING] [Vue warn]: (deprecation RENDER_FUNCTION) (11) 
  at <BFormSelect options= [Object, Object, Object, Object] size="sm" class="sort-select"  ... > 
  at <ResultHeader2 current-count=0 total-count=0 filters= {}  ... > 
  at <BCol md="9" class="results" > 
  at <BRow> 
  at <BOverlay rounded="sm" show=false variant="white"  ... > 
  at <BContainer fluid="md" class="mt-3" textQuery="water"  ... > 
  at <Search2 textQuery="water" resourceType=undefined exact="false"  ... > 
  at <RouterView> 
  at <App> @ http://localhost:5174/node_modules/.vite/deps/chunk-77GDWHOT.js?v=79eaa276:2209
[  822967ms] [WARNING] [Vue warn]: (deprecation COMPONENT_FUNCTIONAL) (12) 
  at <BFormSelect options= [Object, Object, Object, Object] size="sm" class="sort-select"  ... > 
  at <ResultHeader2 current-count=0 total-count=0 filters= {}  ... > 
  at <BCol md="9" class="results" > 
  at <BRow> 
  at <BOverlay rounded="sm" show=false variant="white"  ... > 
  at <BContainer fluid="md" class="mt-3" textQuery="water"  ... > 
  at <Search2 textQuery="water" resourceType=undefined exact="false"  ... > 
  at <RouterView> 
  at <App> @ http://localhost:5174/node_modules/.vite/deps/chunk-77GDWHOT.js?v=79eaa276:2209
[  822967ms] [WARNING] [Vue warn]: (deprecation INSTANCE_SCOPED_SLOTS) (9) 
  at <BFormSelect options= [Object, Object, Object, Object] size="sm" class="sort-select"  ... > 
  at <ResultHeader2 current-count=0 total-count=0 filters= {}  ... > 
  at <BCol md="9" class="results" > 
  at <BRow> 
  at <BOverlay rounded="sm" show=false variant="white"  ... > 
  at <BContainer fluid="md" class="mt-3" textQuery="water"  ... > 
  at <Search2 textQuery="water" resourceType=undefined exact="false"  ... > 
  at <RouterView> 
  at <App> @ http://localhost:5174/node_modules/.vite/deps/chunk-77GDWHOT.js?v=79eaa276:2209
[  822968ms] [WARNING] [Vue warn]: (deprecation INSTANCE_LISTENERS) (17) 
  at <BFormSelectOption textContent="Name" key="option_0" value="name"  ... > 
  at <BFormSelect options= [Object, Object, Object, Object] size="sm" class="sort-select"  ... > 
  at <ResultHeader2 current-count=0 total-count=0 filters= {}  ... > 
  at <BCol md="9" class="results" > 
  at <BRow> 
  at <BOverlay rounded="sm" show=false variant="white"  ... > 
  at <BContainer fluid="md" class="mt-3" textQuery="water"  ... > 
  at <Search2 textQuery="water" resourceType=undefined exact="false"  ... > 
  at <RouterView> 
  at <App> @ http://localhost:5174/node_modules/.vite/deps/chunk-77GDWHOT.js?v=79eaa276:2209
[  822968ms] [WARNING] [Vue warn]: (deprecation ATTR_FALSE_VALUE) (2) 
  at <BFormSelect options= [Object, Object, Object, Object] size="sm" class="sort-select"  ... > 
  at <ResultHeader2 current-count=0 total-count=0 filters= {}  ... > 
  at <BCol md="9" class="results" > 
  at <BRow> 
  at <BOverlay rounded="sm" show=false variant="white"  ... > 
  at <BContainer fluid="md" class="mt-3" textQuery="water"  ... > 
  at <Search2 textQuery="water" resourceType=undefined exact="false"  ... > 
  at <RouterView> 
  at <App> @ http://localhost:5174/node_modules/.vite/deps/chunk-77GDWHOT.js?v=79eaa276:2209
[  822969ms] [WARNING] [Vue warn]: (deprecation INSTANCE_LISTENERS) (18) 
  at <BVTransition onAfter-enter=fn<afterEnter> onAfter-leave=fn<afterLeave> noFade=false  ... > 
  at <BOverlay rounded="sm" show=false variant="white"  ... > 
  at <BContainer fluid="md" class="mt-3" textQuery="water"  ... > 
  at <Search2 textQuery="water" resourceType=undefined exact="false"  ... > 
  at <RouterView> 
  at <App> @ http://localhost:5174/node_modules/.vite/deps/chunk-77GDWHOT.js?v=79eaa276:2209
[  822976ms] [WARNING] [Vue warn]: (deprecation CUSTOM_DIR) Custom directive hook "inserted" has been removed. Use "mounted" instead.
  Details: https://v3-migration.vuejs.org/breaking-changes/custom-directives.html @ http://localhost:5174/node_modules/.vite/deps/chunk-77GDWHOT.js?v=79eaa276:2209
[  822978ms] [WARNING] [Vue warn]: (deprecation ATTR_FALSE_VALUE) Attribute "checked" with v-bind value `false` will render checked="false" instead of removing it in Vue 3. To remove the attribute, use `null` or `undefined` instead. If the usage is intended, you can disable the compat behavior and suppress this warning with:

  configureCompat({ ATTR_FALSE_VALUE: false })

  Details: https://v3-migration.vuejs.org/breaking-changes/attribute-coercion.html 
  at <BFormCheckbox class="small" checked=false onModelCompat:input=fn > 
  at <BCol md="3" class="sidebar" > 
  at <BRow> 
  at <BOverlay rounded="sm" show=true variant="white"  ... > 
  at <BContainer fluid="md" class="mt-3" textQuery="water"  ... > 
  at <Search2 textQuery="water" resourceType=undefined exact="false"  ... > 
  at <RouterView> 
  at <App> @ http://localhost:5174/node_modules/.vite/deps/chunk-77GDWHOT.js?v=79eaa276:2209
[  822979ms] [WARNING] [Vue warn]: (deprecation COMPONENT_FUNCTIONAL) (13) 
  at <ResultHeader2 current-count=0 total-count=0 filters= {placenames: Proxy(Array)}  ... > 
  at <BCol md="9" class="results" > 
  at <BRow> 
  at <BOverlay rounded="sm" show=true variant="white"  ... > 
  at <BContainer fluid="md" class="mt-3" textQuery="water"  ... > 
  at <Search2 textQuery="water" resourceType=undefined exact="false"  ... > 
  at <RouterView> 
  at <App> @ http://localhost:5174/node_modules/.vite/deps/chunk-77GDWHOT.js?v=79eaa276:2209
[  822979ms] [WARNING] [Vue warn]: (deprecation INSTANCE_LISTENERS) (19) 
  at <BSpinner small="" class="me-2" > 
  at <ResultHeader2 current-count=0 total-count=0 filters= {placenames: Proxy(Array)}  ... > 
  at <BCol md="9" class="results" > 
  at <BRow> 
  at <BOverlay rounded="sm" show=true variant="white"  ... > 
  at <BContainer fluid="md" class="mt-3" textQuery="water"  ... > 
  at <Search2 textQuery="water" resourceType=undefined exact="false"  ... > 
  at <RouterView> 
  at <App> @ http://localhost:5174/node_modules/.vite/deps/chunk-77GDWHOT.js?v=79eaa276:2209
[  822980ms] [WARNING] [Vue warn]: (deprecation INSTANCE_LISTENERS) (20) 
  at <BBadge variant="secondary" class="me-1" > 
  at <ResultHeader2 current-count=0 total-count=0 filters= {placenames: Proxy(Array)}  ... > 
  at <BCol md="9" class="results" > 
  at <BRow> 
  at <BOverlay rounded="sm" show=true variant="white"  ... > 
  at <BContainer fluid="md" class="mt-3" textQuery="water"  ... > 
  at <Search2 textQuery="water" resourceType=undefined exact="false"  ... > 
  at <RouterView> 
  at <App> @ http://localhost:5174/node_modules/.vite/deps/chunk-77GDWHOT.js?v=79eaa276:2209
[  822980ms] [WARNING] [Vue warn]: (deprecation COMPONENT_FUNCTIONAL) (14) 
  at <Results2 results= [] loading=true > 
  at <BCol md="9" class="results" > 
  at <BRow> 
  at <BOverlay rounded="sm" show=true variant="white"  ... > 
  at <BContainer fluid="md" class="mt-3" textQuery="water"  ... > 
  at <Search2 textQuery="water" resourceType=undefined exact="false"  ... > 
  at <RouterView> 
  at <App> @ http://localhost:5174/node_modules/.vite/deps/chunk-77GDWHOT.js?v=79eaa276:2209
[  822981ms] [WARNING] [Vue warn]: (deprecation COMPONENT_FUNCTIONAL) (15) 
  at <BCollapse visible=false > 
  at <FacetText2 key=0 facet-config= {field: resourceType, title: Resource Type, sort: acs, open: false, type: text} > 
  at <Facets2 facets= [Object, Object, Object, Object, Object, Object, Object, Object] > 
  at <BCol md="3" class="sidebar" > 
  at <BRow> 
  at <BOverlay rounded="sm" show=true variant="white"  ... > 
  at <BContainer fluid="md" class="mt-3" textQuery="water"  ... > 
  at <Search2 textQuery="water" resourceType=undefined exact="false"  ... > 
  at <RouterView> 
  at <App> @ http://localhost:5174/node_modules/.vite/deps/chunk-77GDWHOT.js?v=79eaa276:2209
[  823243ms] [WARNING] [Vue warn]: (deprecation COMPONENT_FUNCTIONAL) (16) 
  at <ResultItem2 key="urn:gleaner.io:eco:iedadata:data:020b904f822740063851e4999f9e92018461b2b6" result= {g: urn:gleaner.io:eco:iedadata:data:020b904f822740063851e4999f9e92018461b2b6, subj: DOI:10.15784/601137, name: Weddell seal summer diving behavior, description: Abstract: We examined the influence of sea ice bre…D thesis, University of Alaska Fairbanks, (2018)., datep: 2018} index=0 > 
  at <Results2 results= [Object, Object, Object, Object, Object, Object, Object, Object, Object, Object, Object, Object, Object, Object, Object] loading=false > 
  at <BCol md="9" class="results" > 
  at <BRow> 
  at <BOverlay rounded="sm" show=false variant="white"  ... > 
  at <BContainer fluid="md" class="mt-3" textQuery="water"  ... > 
  at <Search2 textQuery="water" resourceType=undefined exact="false"  ... > 
  at <RouterView> 
  at <App> @ http://localhost:5174/node_modules/.vite/deps/chunk-77GDWHOT.js?v=79eaa276:2209
[  823244ms] [WARNING] [Vue warn]: (deprecation INSTANCE_LISTENERS) (21) 
  at <BCard class="result-item" > 
  at <ResultItem2 key="urn:gleaner.io:eco:iedadata:data:020b904f822740063851e4999f9e92018461b2b6" result= {g: urn:gleaner.io:eco:iedadata:data:020b904f822740063851e4999f9e92018461b2b6, subj: DOI:10.15784/601137, name: Weddell seal summer diving behavior, description: Abstract: We examined the influence of sea ice bre…D thesis, University of Alaska Fairbanks, (2018)., datep: 2018} index=0 > 
  at <Results2 results= [Object, Object, Object, Object, Object, Object, Object, Object, Object, Object, Object, Object, Object, Object, Object] loading=false > 
  at <BCol md="9" class="results" > 
  at <BRow> 
  at <BOverlay rounded="sm" show=false variant="white"  ... > 
  at <BContainer fluid="md" class="mt-3" textQuery="water"  ... > 
  at <Search2 textQuery="water" resourceType=undefined exact="false"  ... > 
  at <RouterView> 
  at <App> @ http://localhost:5174/node_modules/.vite/deps/chunk-77GDWHOT.js?v=79eaa276:2209
[  823245ms] [WARNING] [Vue warn]: (deprecation COMPONENT_FUNCTIONAL) (17) 
  at <BCard class="result-item" > 
  at <ResultItem2 key="urn:gleaner.io:eco:iedadata:data:020b904f822740063851e4999f9e92018461b2b6" result= {g: urn:gleaner.io:eco:iedadata:data:020b904f822740063851e4999f9e92018461b2b6, subj: DOI:10.15784/601137, name: Weddell seal summer diving behavior, description: Abstract: We examined the influence of sea ice bre…D thesis, University of Alaska Fairbanks, (2018)., datep: 2018} index=0 > 
  at <Results2 results= [Object, Object, Object, Object, Object, Object, Object, Object, Object, Object, Object, Object, Object, Object, Object] loading=false > 
  at <BCol md="9" class="results" > 
  at <BRow> 
  at <BOverlay rounded="sm" show=false variant="white"  ... > 
  at <BContainer fluid="md" class="mt-3" textQuery="water"  ... > 
  at <Search2 textQuery="water" resourceType=undefined exact="false"  ... > 
  at <RouterView> 
  at <App> @ http://localhost:5174/node_modules/.vite/deps/chunk-77GDWHOT.js?v=79eaa276:2209
[  823245ms] [WARNING] [Vue warn]: (deprecation INSTANCE_LISTENERS) (22) 
  at <BCardBody bodyBgVariant=undefined bodyBorderVariant=undefined bodyClass=undefined  ... > 
  at <BCard class="result-item" > 
  at <ResultItem2 key="urn:gleaner.io:eco:iedadata:data:020b904f822740063851e4999f9e92018461b2b6" result= {g: urn:gleaner.io:eco:iedadata:data:020b904f822740063851e4999f9e92018461b2b6, subj: DOI:10.15784/601137, name: Weddell seal summer diving behavior, description: Abstract: We examined the influence of sea ice bre…D thesis, University of Alaska Fairbanks, (2018)., datep: 2018} index=0 > 
  at <Results2 results= [Object, Object, Object, Object, Object, Object, Object, Object, Object, Object, Object, Object, Object, Object, Object] loading=false > 
  at <BCol md="9" class="results" > 
  at <BRow> 
  at <BOverlay rounded="sm" show=false variant="white"  ... > 
  at <BContainer fluid="md" class="mt-3" textQuery="water"  ... > 
  at <Search2 textQuery="water" resourceType=undefined exact="false"  ... > 
  at <RouterView> 
  at <App> @ http://localhost:5174/node_modules/.vite/deps/chunk-77GDWHOT.js?v=79eaa276:2209
[ 2781719ms] [WARNING] [Vue warn]: (deprecation CUSTOM_DIR) Custom directive hook "unbind" has been removed. Use "unmounted" instead.
  Details: https://v3-migration.vuejs.org/breaking-changes/custom-directives.html @ http://localhost:5174/node_modules/.vite/deps/chunk-77GDWHOT.js?v=79eaa276:2209
[ 2781893ms] [ERROR] Failed to load resource: the server responded with a status of 400 () @ https://qlever.geocodes-aws-dev.earthcube.org/graphspace/facetsearch?query=PREFIX+schema%3A+%3Chttps%3A%2F%2Fschema.org%2F%3E%0APREFIX+sschema%3A+%3Chttps%3A%2F%2Fschema.org%2F%3E%0APREFIX+bds%3A+%3Chttp%3A%2F%2Fwww.bigdata.com%2Frdf%2Fsearch%23%3E%0APREFIX+ql%3A+%3Chttp%3A%2F%2Fqlever.cs.uni-freiburg.de%2Fbuiltin-functions%2F%3E%0APREFIX+xsd%3A+%3Chttp%3A%2F%2Fwww.w3.org%2F2001%2FXMLSchema%23%3E%0APREFIX+geo%3A+%3Chttp%3A%2F%2Fwww.opengis.net%2Font%2Fgeosparql%23%3E%0APREFIX+geof%3A+%3Chttp%3A%2F%2Fwww.opengis.net%2Fdef%2Ffunction%2Fgeosparql%2F%3E%0APREFIX+sf%3A+%3Chttp%3A%2F%2Fwww.opengis.net%2Font%2Fsf%23%3E%0A%0ASELECT+%3Fg+%3Fsubj+%3Fname+%3Fdescription%0A++%28SAMPLE%28%3Fdatep%29+AS+%3Fdatep%29%0A++%28GROUP_CONCAT%28DISTINCT+%3Fpubname%3B+SEPARATOR%3D%22%2C+%22%29+AS+%3Fpubname%29%0A++%28SAMPLE%28%3FtemporalCoverage%29+AS+%3FtemporalCoverage%29%0A++%28GROUP_CONCAT%28DISTINCT+%3Furl1%3B+SEPARATOR%3D%22%2C+%22%29+AS+%3Fdisurl%29%0A++%28GROUP_CONCAT%28DISTINCT+%3Fplacename%3B+SEPARATOR%3D%22%2C+%22%29+AS+%3Fplacenames%29%0A++%28GROUP_CONCAT%28DISTINCT+%3Fkwu%3B+SEPARATOR%3D%22%2C+%22%29+AS+%3Fkw%29%0A++%28GROUP_CONCAT%28DISTINCT+%3FresourceType_u%3B+SEPARATOR%3D%22%2C+%22%29+AS+%3FresourceType%29%0AWHERE+%7B%0A++%7B%0A++++SELECT+DISTINCT+%3Fg+%3Fsubj+%3Fname+%3Fdescription+%3Ftype%0A++++WHERE+%7B%0A++++++VALUES+%3FsosType+%7B%0A++++++++sschema%3ADataset%0A++++++++schema%3ADataset%0A++++++%7D%0A++++++%3Fsubj+a+%3FsosType+.%0A++++++VALUES+%28%3Ftype+%3FresourceType_u%29+%7B%0A++++++++%28schema%3ADataset+%22data%22%29%0A++++++++%28sschema%3ADataset+%22data%22%29%0A++++++++%28schema%3AResearchProject+%22researchProject%22%29%0A++++++++%28sschema%3AResearchProject+%22researchProject%22%29%0A++++++++%28schema%3ASoftwareApplication+%22tool%22%29%0A++++++++%28sschema%3ASoftwareApplication+%22tool%22%29%0A++++++++%28schema%3APerson+%22person%22%29%0A++++++++%28sschema%3APerson+%22person%22%29%0A++++++++%28schema%3AEvent+%22event%22%29%0A++++++++%28sschema%3AEvent+%22event%22%29%0A++++++++%28schema%3AAward+%22award%22%29%0A++++++++%28sschema%3AAward+%22award%22%29%0A++++++++%28schema%3ADataCatalog+%22DataCatalog%22%29%0A++++++++%28sschema%3ADataCatalog+%22DataCatalog%22%29%0A++++++%7D%0A++++++%3Fsubj+a+%3Ftype+.%0A++++++%3Fsubj+schema%3AspatialCoverage+%3Fplacenames_node+.%0A++++++%3Fplacenames_node+schema%3Aname+%22Ross+Sea%22+.%0A++++++%3Fsubj+%3Fo+%3Fitem+.%0A++++++%3Ftext+ql%3Acontains-entity+%3Fitem+.%0A++++++%3Ftext+ql%3Acontains-word+%22water%22+.%0A++++++GRAPH+%3Fg+%7B%0A++++++++%3Fsubj+schema%3Aname%7Csschema%3Aname+%3Fname+.%0A++++++++%3Fsubj+schema%3Adescription%7Csschema%3Adescription+%3Fdescription+.%0A++++++%7D%0A%0A++++%7D%0A++++LIMIT+100%0A++++OFFSET+0%0A++%7D%0A++OPTIONAL+%7B%3Fsubj+sschema%3Adistribution%2Fsschema%3Aurl%7Csschema%3AsubjectOf%2Fsschema%3Aurl%7Cschema%3Adistribution%2Fschema%3Aurl%7Cschema%3AsubjectOf%2Fschema%3Aurl+%3Furl1+.%7D%0A++OPTIONAL+%7B%3Fsubj+schema%3AdatePublished%7Csschema%3AdatePublished+%3Fdatep1+.%7D%0A++OPTIONAL+%7B%3Fsubj+schema%3AdateCreated%7Csschema%3AdateCreated+%3Fdatec+.%7D%0A++OPTIONAL+%7B%3Fsubj+schema%3AdateModified%7Csschema%3AdateModified+%3Fdatem+.%7D%0A++OPTIONAL+%7B%3Fsubj+schema%3AtemporalCoverage%7Csschema%3AtemporalCoverage+%3FtemporalCoverage+.%7D%0A++OPTIONAL+%7B%3Fsubj+schema%3Apublisher%2Fschema%3Aname%7Csschema%3Apublisher%2Fsschema%3Aname%7Cschema%3Apublisher%2Fschema%3AlegalName%7Csschema%3Apublisher%2Fsschema%3AlegalName+%3Fpub_name+.%7D%0A++OPTIONAL+%7B%3Fsubj+schema%3AspatialCoverage%2Fschema%3Aname%7Csschema%3AspatialCoverage%2Fsschema%3Aname%7Csschema%3AsdPublisher+%3Fplace_name+.%7D%0A++OPTIONAL+%7B%3Fsubj+schema%3Akeywords%7Csschema%3Akeywords+%3Fkwu+.%7D%0A%0A%0A%0A++BIND+%28COALESCE%28%3Fdatec%2C%3Fdatem%2C%3Fdatep1%29+AS+%3Fdatep%29%0A++BIND+%28IF%28BOUND%28%3Fpub_name%29%2C+%3Fpub_name%2C+%22No+Publisher%22%29+AS+%3Fpubname%29%0A++BIND+%28IF%28BOUND%28%3Fplace_name%29%2C+%3Fplace_name%2C+%22No+Placenames%22%29+AS+%3Fplacename%29%0A%7D%0AGROUP+BY+%3Fg+%3Fsubj+%3Fname+%3Fdescription+%3Furl+%3Fdatep+%3Fpubname+%3FtemporalCoverage%0A:0
[ 2781893ms] [WARNING] QLever GET failed; trying POST fallback: Request failed with status code 400 @ http://localhost:5174/src/services/SearchService.js?t=1779989803686:87
[ 2781945ms] [ERROR] Failed to load resource: the server responded with a status of 400 () @ https://qlever.geocodes-aws-dev.earthcube.org/graphspace/facetsearch:0
[ 2781946ms] [ERROR] Search service error: AxiosError @ http://localhost:5174/src/services/SearchService.js?t=1779989803686:67
[ 2781946ms] [ERROR] Query execution error: AxiosError @ http://localhost:5174/src/services/FilterStateManager.js:155
[ 2781947ms] [WARNING] [Vue warn]: (deprecation RENDER_FUNCTION) (12) 
  at <BAlert key=0 variant="danger" show="" > 
  at <BCol md="9" class="results" > 
  at <BRow> 
  at <BOverlay rounded="sm" show=false variant="white"  ... > 
  at <BContainer fluid="md" class="mt-3" textQuery="water"  ... > 
  at <Search2 textQuery="water" resourceType=undefined exact="false"  ... > 
  at <RouterView> 
  at <App> @ http://localhost:5174/node_modules/.vite/deps/chunk-77GDWHOT.js?v=79eaa276:2209
[ 2781948ms] [WARNING] [Vue warn]: (deprecation OPTIONS_BEFORE_DESTROY) (7) 
  at <BAlert key=0 variant="danger" show="" > 
  at <BCol md="9" class="results" > 
  at <BRow> 
  at <BOverlay rounded="sm" show=false variant="white"  ... > 
  at <BContainer fluid="md" class="mt-3" textQuery="water"  ... > 
  at <Search2 textQuery="water" resourceType=undefined exact="false"  ... > 
  at <RouterView> 
  at <App> @ http://localhost:5174/node_modules/.vite/deps/chunk-77GDWHOT.js?v=79eaa276:2209
[ 2781948ms] [WARNING] [Vue warn]: (deprecation INSTANCE_SCOPED_SLOTS) (10) 
  at <BAlert key=0 variant="danger" show="" > 
  at <BCol md="9" class="results" > 
  at <BRow> 
  at <BOverlay rounded="sm" show=false variant="white"  ... > 
  at <BContainer fluid="md" class="mt-3" textQuery="water"  ... > 
  at <Search2 textQuery="water" resourceType=undefined exact="false"  ... > 
  at <RouterView> 
  at <App> @ http://localhost:5174/node_modules/.vite/deps/chunk-77GDWHOT.js?v=79eaa276:2209
[ 2781948ms] [WARNING] [Vue warn]: (deprecation COMPONENT_FUNCTIONAL) (18) 
  at <BAlert key=0 variant="danger" show="" > 
  at <BCol md="9" class="results" > 
  at <BRow> 
  at <BOverlay rounded="sm" show=false variant="white"  ... > 
  at <BContainer fluid="md" class="mt-3" textQuery="water"  ... > 
  at <Search2 textQuery="water" resourceType=undefined exact="false"  ... > 
  at <RouterView> 
  at <App> @ http://localhost:5174/node_modules/.vite/deps/chunk-77GDWHOT.js?v=79eaa276:2209
[ 2791131ms] [ERROR] Failed to load resource: the server responded with a status of 400 () @ https://qlever.geocodes-aws-dev.earthcube.org/graphspace/facetsearch?query=PREFIX+schema%3A+%3Chttps%3A%2F%2Fschema.org%2F%3E%0APREFIX+sschema%3A+%3Chttps%3A%2F%2Fschema.org%2F%3E%0APREFIX+bds%3A+%3Chttp%3A%2F%2Fwww.bigdata.com%2Frdf%2Fsearch%23%3E%0APREFIX+ql%3A+%3Chttp%3A%2F%2Fqlever.cs.uni-freiburg.de%2Fbuiltin-functions%2F%3E%0APREFIX+xsd%3A+%3Chttp%3A%2F%2Fwww.w3.org%2F2001%2FXMLSchema%23%3E%0APREFIX+geo%3A+%3Chttp%3A%2F%2Fwww.opengis.net%2Font%2Fgeosparql%23%3E%0APREFIX+geof%3A+%3Chttp%3A%2F%2Fwww.opengis.net%2Fdef%2Ffunction%2Fgeosparql%2F%3E%0APREFIX+sf%3A+%3Chttp%3A%2F%2Fwww.opengis.net%2Font%2Fsf%23%3E%0A%0ASELECT+%3Fg+%3Fsubj+%3Fname+%3Fdescription%0A++%28SAMPLE%28%3Fdatep%29+AS+%3Fdatep%29%0A++%28GROUP_CONCAT%28DISTINCT+%3Fpubname%3B+SEPARATOR%3D%22%2C+%22%29+AS+%3Fpubname%29%0A++%28SAMPLE%28%3FtemporalCoverage%29+AS+%3FtemporalCoverage%29%0A++%28GROUP_CONCAT%28DISTINCT+%3Furl1%3B+SEPARATOR%3D%22%2C+%22%29+AS+%3Fdisurl%29%0A++%28GROUP_CONCAT%28DISTINCT+%3Fplacename%3B+SEPARATOR%3D%22%2C+%22%29+AS+%3Fplacenames%29%0A++%28GROUP_CONCAT%28DISTINCT+%3Fkwu%3B+SEPARATOR%3D%22%2C+%22%29+AS+%3Fkw%29%0A++%28GROUP_CONCAT%28DISTINCT+%3FresourceType_u%3B+SEPARATOR%3D%22%2C+%22%29+AS+%3FresourceType%29%0AWHERE+%7B%0A++%7B%0A++++SELECT+DISTINCT+%3Fg+%3Fsubj+%3Fname+%3Fdescription+%3Ftype%0A++++WHERE+%7B%0A++++++VALUES+%3FsosType+%7B%0A++++++++sschema%3ADataset%0A++++++++schema%3ADataset%0A++++++%7D%0A++++++%3Fsubj+a+%3FsosType+.%0A++++++VALUES+%28%3Ftype+%3FresourceType_u%29+%7B%0A++++++++%28schema%3ADataset+%22data%22%29%0A++++++++%28sschema%3ADataset+%22data%22%29%0A++++++++%28schema%3AResearchProject+%22researchProject%22%29%0A++++++++%28sschema%3AResearchProject+%22researchProject%22%29%0A++++++++%28schema%3ASoftwareApplication+%22tool%22%29%0A++++++++%28sschema%3ASoftwareApplication+%22tool%22%29%0A++++++++%28schema%3APerson+%22person%22%29%0A++++++++%28sschema%3APerson+%22person%22%29%0A++++++++%28schema%3AEvent+%22event%22%29%0A++++++++%28sschema%3AEvent+%22event%22%29%0A++++++++%28schema%3AAward+%22award%22%29%0A++++++++%28sschema%3AAward+%22award%22%29%0A++++++++%28schema%3ADataCatalog+%22DataCatalog%22%29%0A++++++++%28sschema%3ADataCatalog+%22DataCatalog%22%29%0A++++++%7D%0A++++++%3Fsubj+a+%3Ftype+.%0A++++++%3Fsubj+schema%3AspatialCoverage+%3Fplacenames_node+.%0A++++++%3Fplacenames_node+schema%3Aname+%22Ross+Sea%22+.%0A++++++%3Fsubj+%3Fo+%3Fitem+.%0A++++++%3Ftext+ql%3Acontains-entity+%3Fitem+.%0A++++++%3Ftext+ql%3Acontains-word+%22water%22+.%0A++++++GRAPH+%3Fg+%7B%0A++++++++%3Fsubj+schema%3Aname%7Csschema%3Aname+%3Fname+.%0A++++++++%3Fsubj+schema%3Adescription%7Csschema%3Adescription+%3Fdescription+.%0A++++++%7D%0A%0A++++%7D%0A++++LIMIT+100%0A++++OFFSET+0%0A++%7D%0A++OPTIONAL+%7B%3Fsubj+sschema%3Adistribution%2Fsschema%3Aurl%7Csschema%3AsubjectOf%2Fsschema%3Aurl%7Cschema%3Adistribution%2Fschema%3Aurl%7Cschema%3AsubjectOf%2Fschema%3Aurl+%3Furl1+.%7D%0A++OPTIONAL+%7B%3Fsubj+schema%3AdatePublished%7Csschema%3AdatePublished+%3Fdatep1+.%7D%0A++OPTIONAL+%7B%3Fsubj+schema%3AdateCreated%7Csschema%3AdateCreated+%3Fdatec+.%7D%0A++OPTIONAL+%7B%3Fsubj+schema%3AdateModified%7Csschema%3AdateModified+%3Fdatem+.%7D%0A++OPTIONAL+%7B%3Fsubj+schema%3AtemporalCoverage%7Csschema%3AtemporalCoverage+%3FtemporalCoverage+.%7D%0A++OPTIONAL+%7B%3Fsubj+schema%3Apublisher%2Fschema%3Aname%7Csschema%3Apublisher%2Fsschema%3Aname%7Cschema%3Apublisher%2Fschema%3AlegalName%7Csschema%3Apublisher%2Fsschema%3AlegalName+%3Fpub_name+.%7D%0A++OPTIONAL+%7B%3Fsubj+schema%3AspatialCoverage%2Fschema%3Aname%7Csschema%3AspatialCoverage%2Fsschema%3Aname%7Csschema%3AsdPublisher+%3Fplace_name+.%7D%0A++OPTIONAL+%7B%3Fsubj+schema%3Akeywords%7Csschema%3Akeywords+%3Fkwu+.%7D%0A%0A%0A%0A++BIND+%28COALESCE%28%3Fdatec%2C%3Fdatem%2C%3Fdatep1%29+AS+%3Fdatep%29%0A++BIND+%28IF%28BOUND%28%3Fpub_name%29%2C+%3Fpub_name%2C+%22No+Publisher%22%29+AS+%3Fpubname%29%0A++BIND+%28IF%28BOUND%28%3Fplace_name%29%2C+%3Fplace_name%2C+%22No+Placenames%22%29+AS+%3Fplacename%29%0A%7D%0AGROUP+BY+%3Fg+%3Fsubj+%3Fname+%3Fdescription%0A:0
[ 2791162ms] [WARNING] QLever GET failed; trying POST fallback: Request failed with status code 400 @ http://localhost:5174/src/services/SearchService.js?t=1779989813021:87
[ 2791243ms] [ERROR] Failed to load resource: the server responded with a status of 400 () @ https://qlever.geocodes-aws-dev.earthcube.org/graphspace/facetsearch:0
[ 2791244ms] [ERROR] Search service error: AxiosError @ http://localhost:5174/src/services/SearchService.js?t=1779989813021:67
[ 2791244ms] [ERROR] Query execution error: AxiosError @ http://localhost:5174/src/services/FilterStateManager.js:155
[ 2850498ms] [ERROR] Failed to load resource: the server responded with a status of 400 () @ https://qlever.geocodes-aws-dev.earthcube.org/graphspace/facetsearch?query=PREFIX+schema%3A+%3Chttps%3A%2F%2Fschema.org%2F%3E%0APREFIX+sschema%3A+%3Chttps%3A%2F%2Fschema.org%2F%3E%0APREFIX+bds%3A+%3Chttp%3A%2F%2Fwww.bigdata.com%2Frdf%2Fsearch%23%3E%0APREFIX+ql%3A+%3Chttp%3A%2F%2Fqlever.cs.uni-freiburg.de%2Fbuiltin-functions%2F%3E%0APREFIX+xsd%3A+%3Chttp%3A%2F%2Fwww.w3.org%2F2001%2FXMLSchema%23%3E%0APREFIX+geo%3A+%3Chttp%3A%2F%2Fwww.opengis.net%2Font%2Fgeosparql%23%3E%0APREFIX+geof%3A+%3Chttp%3A%2F%2Fwww.opengis.net%2Fdef%2Ffunction%2Fgeosparql%2F%3E%0APREFIX+sf%3A+%3Chttp%3A%2F%2Fwww.opengis.net%2Font%2Fsf%23%3E%0A%0ASELECT+%3Fg+%3Fsubj+%3Fname+%3Fdescription%0A++%28SAMPLE%28%3Fdatep%29+AS+%3Fdatep%29%0A++%28GROUP_CONCAT%28DISTINCT+%3Fpubname%3B+SEPARATOR%3D%22%2C+%22%29+AS+%3Fpubname%29%0A++%28SAMPLE%28%3FtemporalCoverage%29+AS+%3FtemporalCoverage%29%0A++%28GROUP_CONCAT%28DISTINCT+%3Furl1%3B+SEPARATOR%3D%22%2C+%22%29+AS+%3Fdisurl%29%0A++%28GROUP_CONCAT%28DISTINCT+%3Fplacename%3B+SEPARATOR%3D%22%2C+%22%29+AS+%3Fplacenames%29%0A++%28GROUP_CONCAT%28DISTINCT+%3Fkwu%3B+SEPARATOR%3D%22%2C+%22%29+AS+%3Fkw%29%0A++%28GROUP_CONCAT%28DISTINCT+%3FresourceType_u%3B+SEPARATOR%3D%22%2C+%22%29+AS+%3FresourceType%29%0AWHERE+%7B%0A++%7B%0A++++SELECT+DISTINCT+%3Fg+%3Fsubj+%3Fname+%3Fdescription+%3Ftype%0A++++WHERE+%7B%0A++++++VALUES+%3FsosType+%7B%0A++++++++sschema%3ADataset%0A++++++++schema%3ADataset%0A++++++%7D%0A++++++%3Fsubj+a+%3FsosType+.%0A++++++VALUES+%28%3Ftype+%3FresourceType_u%29+%7B%0A++++++++%28schema%3ADataset+%22data%22%29%0A++++++++%28sschema%3ADataset+%22data%22%29%0A++++++++%28schema%3AResearchProject+%22researchProject%22%29%0A++++++++%28sschema%3AResearchProject+%22researchProject%22%29%0A++++++++%28schema%3ASoftwareApplication+%22tool%22%29%0A++++++++%28sschema%3ASoftwareApplication+%22tool%22%29%0A++++++++%28schema%3APerson+%22person%22%29%0A++++++++%28sschema%3APerson+%22person%22%29%0A++++++++%28schema%3AEvent+%22event%22%29%0A++++++++%28sschema%3AEvent+%22event%22%29%0A++++++++%28schema%3AAward+%22award%22%29%0A++++++++%28sschema%3AAward+%22award%22%29%0A++++++++%28schema%3ADataCatalog+%22DataCatalog%22%29%0A++++++++%28sschema%3ADataCatalog+%22DataCatalog%22%29%0A++++++%7D%0A++++++%3Fsubj+a+%3Ftype+.%0A++++++%3Fsubj+schema%3AspatialCoverage+%3Fplacenames_node+.%0A++++++%3Fplacenames_node+schema%3Aname+%22Ross+Sea%22+.%0A++++++%3Fsubj+%3Fo+%3Fitem+.%0A++++++%3Ftext+ql%3Acontains-entity+%3Fitem+.%0A++++++%3Ftext+ql%3Acontains-word+%22water%22+.%0A++++++GRAPH+%3Fg+%7B%0A++++++++%3Fsubj+schema%3Aname%7Csschema%3Aname+%3Fname+.%0A++++++++%3Fsubj+schema%3Adescription%7Csschema%3Adescription+%3Fdescription+.%0A++++++%7D%0A%0A++++%7D%0A++++LIMIT+100%0A++++OFFSET+0%0A++%7D%0A++OPTIONAL+%7B%3Fsubj+sschema%3Adistribution%2Fsschema%3Aurl%7Csschema%3AsubjectOf%2Fsschema%3Aurl%7Cschema%3Adistribution%2Fschema%3Aurl%7Cschema%3AsubjectOf%2Fschema%3Aurl+%3Furl1+.%7D%0A++OPTIONAL+%7B%3Fsubj+schema%3AdatePublished%7Csschema%3AdatePublished+%3Fdatep1+.%7D%0A++OPTIONAL+%7B%3Fsubj+schema%3AdateCreated%7Csschema%3AdateCreated+%3Fdatec+.%7D%0A++OPTIONAL+%7B%3Fsubj+schema%3AdateModified%7Csschema%3AdateModified+%3Fdatem+.%7D%0A++OPTIONAL+%7B%3Fsubj+schema%3AtemporalCoverage%7Csschema%3AtemporalCoverage+%3FtemporalCoverage_raw+.%7D%0A++OPTIONAL+%7B%3Fsubj+schema%3Apublisher%2Fschema%3Aname%7Csschema%3Apublisher%2Fsschema%3Aname%7Cschema%3Apublisher%2Fschema%3AlegalName%7Csschema%3Apublisher%2Fsschema%3AlegalName+%3Fpub_name+.%7D%0A++OPTIONAL+%7B%3Fsubj+schema%3AspatialCoverage%2Fschema%3Aname%7Csschema%3AspatialCoverage%2Fsschema%3Aname%7Csschema%3AsdPublisher+%3Fplace_name+.%7D%0A++OPTIONAL+%7B%3Fsubj+schema%3Akeywords%7Csschema%3Akeywords+%3Fkwu+.%7D%0A%0A%0A%0A++BIND+%28COALESCE%28%3Fdatec%2C%3Fdatem%2C%3Fdatep1%29+AS+%3Fdatep%29%0A++BIND+%28IF%28BOUND%28%3Fpub_name%29%2C+%3Fpub_name%2C+%22No+Publisher%22%29+AS+%3Fpubname%29%0A++BIND+%28IF%28BOUND%28%3Fplace_name%29%2C+%3Fplace_name%2C+%22No+Placenames%22%29+AS+%3Fplacename%29%0A%7D%0AGROUP+BY+%3Fg+%3Fsubj+%3Fname+%3Fdescription%0A:0
[ 2850498ms] [WARNING] QLever GET failed; trying POST fallback: Request failed with status code 400 @ http://localhost:5174/src/services/SearchService.js?t=1779989872353:87
[ 2850585ms] [ERROR] Failed to load resource: the server responded with a status of 400 () @ https://qlever.geocodes-aws-dev.earthcube.org/graphspace/facetsearch:0
[ 2850586ms] [ERROR] Search service error: AxiosError @ http://localhost:5174/src/services/SearchService.js?t=1779989872353:67
[ 2850586ms] [ERROR] Query execution error: AxiosError @ http://localhost:5174/src/services/FilterStateManager.js:155
[ 4271661ms] [LOG] [vite] server connection lost. Polling for restart... @ http://localhost:5174/@vite/client:864
[ 4271914ms] [WARNING] [Vue warn]: (deprecation GLOBAL_EXTEND) Vue.extend() has been removed in Vue 3. Use defineComponent() instead.
  Details: https://vuejs.org/api/general.html#definecomponent @ http://localhost:5174/node_modules/.vite/deps/chunk-77GDWHOT.js?v=79eaa276:2209
[ 4271930ms] [WARNING] [Vue warn]: (deprecation GLOBAL_MOUNT) The global app bootstrapping API has changed: vm.$mount() and the "el" option have been removed. Use createApp(RootComponent).mount() instead.
  Details: https://v3-migration.vuejs.org/breaking-changes/global-api.html#mounting-app-instance @ http://localhost:5174/node_modules/.vite/deps/chunk-77GDWHOT.js?v=79eaa276:2209
[ 4271931ms] [WARNING] [Vue warn]: (deprecation WATCH_ARRAY) "watch" option or vm.$watch on an array value will no longer trigger on array mutation unless the "deep" option is specified. If current usage is intended, you can disable the compat behavior and suppress this warning with:

  configureCompat({ WATCH_ARRAY: false })

  Details: https://v3-migration.vuejs.org/breaking-changes/watch.html @ http://localhost:5174/node_modules/.vite/deps/chunk-77GDWHOT.js?v=79eaa276:2209
[ 4271948ms] [WARNING] [BootstrapVue warn]: Multiple instances of Vue detected!
You may need to set up an alias for Vue in your bundler config.
See: https://bootstrap-vue.org/docs#using-module-bundlers @ http://localhost:5174/node_modules/.vite/deps/bootstrap-vue.js?v=79eaa276:730
[ 4271948ms] [WARNING] [Vue warn]: (deprecation GLOBAL_PROTOTYPE) Vue.prototype is no longer available in Vue 3. Use app.config.globalProperties instead.
  Details: https://v3-migration.vuejs.org/breaking-changes/global-api.html#vue-prototype-replaced-by-config-globalproperties @ http://localhost:5174/node_modules/.vite/deps/chunk-77GDWHOT.js?v=79eaa276:2209
[ 4271948ms] [WARNING] [Vue warn]: Component "BFormRow" has already been registered in target app. @ http://localhost:5174/node_modules/.vite/deps/chunk-77GDWHOT.js?v=79eaa276:2209
[ 4271949ms] [WARNING] [Vue warn]: Plugin has already been applied to target app. @ http://localhost:5174/node_modules/.vite/deps/chunk-77GDWHOT.js?v=79eaa276:2209
[ 4271949ms] [WARNING] [Vue warn]: Plugin has already been applied to target app. @ http://localhost:5174/node_modules/.vite/deps/chunk-77GDWHOT.js?v=79eaa276:2209
[ 4271949ms] [WARNING] [Vue warn]: Plugin has already been applied to target app. @ http://localhost:5174/node_modules/.vite/deps/chunk-77GDWHOT.js?v=79eaa276:2209
[ 4271949ms] [WARNING] [Vue warn]: Plugin has already been applied to target app. @ http://localhost:5174/node_modules/.vite/deps/chunk-77GDWHOT.js?v=79eaa276:2209
[ 4271949ms] [WARNING] [Vue warn]: Plugin has already been applied to target app. @ http://localhost:5174/node_modules/.vite/deps/chunk-77GDWHOT.js?v=79eaa276:2209
[ 4271949ms] [WARNING] [Vue warn]: Directive "BModal" has already been registered in target app. @ http://localhost:5174/node_modules/.vite/deps/chunk-77GDWHOT.js?v=79eaa276:2209
[ 4271949ms] [WARNING] [Vue warn]: Plugin has already been applied to target app. @ http://localhost:5174/node_modules/.vite/deps/chunk-77GDWHOT.js?v=79eaa276:2209
[ 4271949ms] [WARNING] [Vue warn]: Plugin has already been applied to target app. @ http://localhost:5174/node_modules/.vite/deps/chunk-77GDWHOT.js?v=79eaa276:2209
[ 4271949ms] [WARNING] [Vue warn]: Plugin has already been applied to target app. @ http://localhost:5174/node_modules/.vite/deps/chunk-77GDWHOT.js?v=79eaa276:2209
[ 4271951ms] [WARNING] [Vue warn]: (deprecation CONFIG_DEVTOOLS) config.devtools has been removed. To enable devtools for production, configure the __VUE_PROD_DEVTOOLS__ compile-time flag.
  Details: https://github.com/vuejs/core/tree/main/packages/vue#bundler-build-feature-flags @ http://localhost:5174/node_modules/.vite/deps/chunk-77GDWHOT.js?v=79eaa276:2209
[ 4271961ms] [LOG] Trying to fetch tenant data @ http://localhost:5174/src/state.js:262
[ 4271972ms] [LOG] {tenant: Array(9)} @ http://localhost:5174/src/state.js:266
[ 4271974ms] [WARNING] [Vue warn]: (deprecation RENDER_FUNCTION) Vue 3's render function API has changed. You can opt-in to the new API with:

  configureCompat({ RENDER_FUNCTION: false })

  (This can also be done per-component via the "compatConfig" option.)
  Details: https://v3-migration.vuejs.org/breaking-changes/render-function-api.html 
  at <BNavbar toggleable="lg" type="dark" variant="primary"  ... > 
  at <NavHeader> 
  at <App> @ http://localhost:5174/node_modules/.vite/deps/chunk-77GDWHOT.js?v=79eaa276:2209
[ 4271974ms] [WARNING] [Vue warn]: (deprecation INSTANCE_SCOPED_SLOTS) vm.$scopedSlots has been removed. Use vm.$slots instead.
  Details: https://v3-migration.vuejs.org/breaking-changes/slots-unification.html 
  at <BNavbar toggleable="lg" type="dark" variant="primary"  ... > 
  at <NavHeader> 
  at <App> @ http://localhost:5174/node_modules/.vite/deps/chunk-77GDWHOT.js?v=79eaa276:2209
[ 4271974ms] [WARNING] [Vue warn]: (deprecation COMPONENT_FUNCTIONAL) Functional component <BContainer> should be defined as a plain function in Vue 3. The "functional" option has been removed. NOTE: Before migrating to use plain functions for functional components, first make sure that all async components usage have been migrated and its compat behavior has been disabled.
  Details: https://v3-migration.vuejs.org/breaking-changes/functional-components.html 
  at <BNavbar toggleable="lg" type="dark" variant="primary"  ... > 
  at <NavHeader> 
  at <App> @ http://localhost:5174/node_modules/.vite/deps/chunk-77GDWHOT.js?v=79eaa276:2209
[ 4271975ms] [WARNING] [Vue warn]: (deprecation INSTANCE_LISTENERS) vm.$listeners has been removed. In Vue 3, parent v-on listeners are included in vm.$attrs and it is no longer necessary to separately use v-on="$listeners" if you are already using v-bind="$attrs". (Note: the Vue 3 behavior only applies if this compat config is disabled)
  Details: https://v3-migration.vuejs.org/breaking-changes/listeners-removed.html 
  at <BContainer fluid="md" > 
  at <BNavbar toggleable="lg" type="dark" variant="primary"  ... > 
  at <NavHeader> 
  at <App> @ http://localhost:5174/node_modules/.vite/deps/chunk-77GDWHOT.js?v=79eaa276:2209
[ 4271975ms] [WARNING] [Vue warn]: (deprecation INSTANCE_LISTENERS) (2) 
  at <BNavbarNav class="d-lg-none" > 
  at <BContainer fluid="md" > 
  at <BNavbar toggleable="lg" type="dark" variant="primary"  ... > 
  at <NavHeader> 
  at <App> @ http://localhost:5174/node_modules/.vite/deps/chunk-77GDWHOT.js?v=79eaa276:2209
[ 4271976ms] [WARNING] [Vue warn]: (deprecation INSTANCE_LISTENERS) (3) 
  at <BNavItem class="mr-2" onClick=fn > 
  at <BNavbarNav class="d-lg-none" > 
  at <BContainer fluid="md" > 
  at <BNavbar toggleable="lg" type="dark" variant="primary"  ... > 
  at <NavHeader> 
  at <App> @ http://localhost:5174/node_modules/.vite/deps/chunk-77GDWHOT.js?v=79eaa276:2209
[ 4271976ms] [WARNING] [Vue warn]: (deprecation RENDER_FUNCTION) (2) 
  at <BLink class="nav-link" onClick=fn active=false  ... > 
  at <BNavItem class="mr-2" onClick=fn > 
  at <BNavbarNav class="d-lg-none" > 
  at <BContainer fluid="md" > 
  at <BNavbar toggleable="lg" type="dark" variant="primary"  ... > 
  at <NavHeader> 
  at <App> @ http://localhost:5174/node_modules/.vite/deps/chunk-77GDWHOT.js?v=79eaa276:2209
[ 4271976ms] [WARNING] [Vue warn]: (deprecation OPTIONS_DATA_MERGE) Detected conflicting key "bvListeners" when merging data option values. In Vue 3, data keys are merged shallowly and will override one another.
  Details: https://v3-migration.vuejs.org/breaking-changes/data-option.html#mixin-merge-behavior-change 
  at <BLink class="nav-link" onClick=fn active=false  ... > 
  at <BNavItem class="mr-2" onClick=fn > 
  at <BNavbarNav class="d-lg-none" > 
  at <BContainer fluid="md" > 
  at <BNavbar toggleable="lg" type="dark" variant="primary"  ... > 
  at <NavHeader> 
  at <App> @ http://localhost:5174/node_modules/.vite/deps/chunk-77GDWHOT.js?v=79eaa276:2209
[ 4271976ms] [WARNING] [Vue warn]: (deprecation INSTANCE_LISTENERS) (4) 
  at <BLink class="nav-link" onClick=fn active=false  ... > 
  at <BNavItem class="mr-2" onClick=fn > 
  at <BNavbarNav class="d-lg-none" > 
  at <BContainer fluid="md" > 
  at <BNavbar toggleable="lg" type="dark" variant="primary"  ... > 
  at <NavHeader> 
  at <App> @ http://localhost:5174/node_modules/.vite/deps/chunk-77GDWHOT.js?v=79eaa276:2209
[ 4271977ms] [WARNING] [Vue warn]: (deprecation OPTIONS_BEFORE_DESTROY) `beforeDestroy` has been renamed to `beforeUnmount`. 
  at <BLink class="nav-link" onClick=fn active=false  ... > 
  at <BNavItem class="mr-2" onClick=fn > 
  at <BNavbarNav class="d-lg-none" > 
  at <BContainer fluid="md" > 
  at <BNavbar toggleable="lg" type="dark" variant="primary"  ... > 
  at <NavHeader> 
  at <App> @ http://localhost:5174/node_modules/.vite/deps/chunk-77GDWHOT.js?v=79eaa276:2209
[ 4271977ms] [WARNING] [Vue warn]: (deprecation INSTANCE_SCOPED_SLOTS) (2) 
  at <BLink class="nav-link" onClick=fn active=false  ... > 
  at <BNavItem class="mr-2" onClick=fn > 
  at <BNavbarNav class="d-lg-none" > 
  at <BContainer fluid="md" > 
  at <BNavbar toggleable="lg" type="dark" variant="primary"  ... > 
  at <NavHeader> 
  at <App> @ http://localhost:5174/node_modules/.vite/deps/chunk-77GDWHOT.js?v=79eaa276:2209
[ 4271977ms] [WARNING] [Vue warn]: (deprecation INSTANCE_ATTRS_CLASS_STYLE) Component <BLink> has `inheritAttrs: false` but is relying on class/style fallthrough from parent. In Vue 3, class/style are now included in $attrs and will no longer fallthrough when inheritAttrs is false. If you are already using v-bind="$attrs" on component root it should render the same end result. If you are binding $attrs to a non-root element and expecting class/style to fallthrough on root, you will need to now manually bind them on root via :class="$attrs.class".
  Details: https://v3-migration.vuejs.org/breaking-changes/attrs-includes-class-style.html 
  at <BLink class="nav-link" onClick=fn active=false  ... > 
  at <BNavItem class="mr-2" onClick=fn > 
  at <BNavbarNav class="d-lg-none" > 
  at <BContainer fluid="md" > 
  at <BNavbar toggleable="lg" type="dark" variant="primary"  ... > 
  at <NavHeader> 
  at <App> @ http://localhost:5174/node_modules/.vite/deps/chunk-77GDWHOT.js?v=79eaa276:2209
[ 4271977ms] [WARNING] [Vue warn]: (deprecation INSTANCE_LISTENERS) (5) 
  at <BButton variant="outline-primary" > 
  at <BLink class="nav-link" onClick=fn active=false  ... > 
  at <BNavItem class="mr-2" onClick=fn > 
  at <BNavbarNav class="d-lg-none" > 
  at <BContainer fluid="md" > 
  at <BNavbar toggleable="lg" type="dark" variant="primary"  ... > 
  at <NavHeader> 
  at <App> @ http://localhost:5174/node_modules/.vite/deps/chunk-77GDWHOT.js?v=79eaa276:2209
[ 4271978ms] [WARNING] [Vue warn]: (deprecation INSTANCE_LISTENERS) (6) 
  at <BIcon icon="arrow-left" > 
  at <BButton variant="outline-primary" > 
  at <BLink class="nav-link" onClick=fn active=false  ... > 
  at <BNavItem class="mr-2" onClick=fn > 
  at <BNavbarNav class="d-lg-none" > 
  at <BContainer fluid="md" > 
  at <BNavbar toggleable="lg" type="dark" variant="primary"  ... > 
  at <NavHeader> 
  at <App> @ http://localhost:5174/node_modules/.vite/deps/chunk-77GDWHOT.js?v=79eaa276:2209
[ 4271978ms] [WARNING] [Vue warn]: (deprecation COMPONENT_FUNCTIONAL) (2) 
  at <BIcon icon="arrow-left" > 
  at <BButton variant="outline-primary" > 
  at <BLink class="nav-link" onClick=fn active=false  ... > 
  at <BNavItem class="mr-2" onClick=fn > 
  at <BNavbarNav class="d-lg-none" > 
  at <BContainer fluid="md" > 
  at <BNavbar toggleable="lg" type="dark" variant="primary"  ... > 
  at <NavHeader> 
  at <App> @ http://localhost:5174/node_modules/.vite/deps/chunk-77GDWHOT.js?v=79eaa276:2209
[ 4271978ms] [WARNING] [Vue warn]: (deprecation INSTANCE_LISTENERS) (7) 
  at <BIconBlank icon="arrow-left" animation=undefined flipH=false  ... > 
  at <BIcon icon="arrow-left" > 
  at <BButton variant="outline-primary" > 
  at <BLink class="nav-link" onClick=fn active=false  ... > 
  at <BNavItem class="mr-2" onClick=fn > 
  at <BNavbarNav class="d-lg-none" > 
  at <BContainer fluid="md" > 
  at <BNavbar toggleable="lg" type="dark" variant="primary"  ... > 
  at <NavHeader> 
  at <App> @ http://localhost:5174/node_modules/.vite/deps/chunk-77GDWHOT.js?v=79eaa276:2209
[ 4271979ms] [WARNING] [Vue warn]: (deprecation COMPONENT_FUNCTIONAL) (3) 
  at <BIconBlank icon="arrow-left" animation=undefined flipH=false  ... > 
  at <BIcon icon="arrow-left" > 
  at <BButton variant="outline-primary" > 
  at <BLink class="nav-link" onClick=fn active=false  ... > 
  at <BNavItem class="mr-2" onClick=fn > 
  at <BNavbarNav class="d-lg-none" > 
  at <BContainer fluid="md" > 
  at <BNavbar toggleable="lg" type="dark" variant="primary"  ... > 
  at <NavHeader> 
  at <App> @ http://localhost:5174/node_modules/.vite/deps/chunk-77GDWHOT.js?v=79eaa276:2209
[ 4271979ms] [WARNING] [Vue warn]: (deprecation INSTANCE_LISTENERS) (8) 
  at <BIconBase aria-label="blank" icon="arrow-left" title=undefined  ... > 
  at <BIconBlank icon="arrow-left" animation=undefined flipH=false  ... > 
  at <BIcon icon="arrow-left" > 
  at <BButton variant="outline-primary" > 
  at <BLink class="nav-link" onClick=fn active=false  ... > 
  at <BNavItem class="mr-2" onClick=fn > 
  at <BNavbarNav class="d-lg-none" > 
  at <BContainer fluid="md" > 
  at <BNavbar toggleable="lg" type="dark" variant="primary"  ... > 
  at <NavHeader> 
  at <App> @ http://localhost:5174/node_modules/.vite/deps/chunk-77GDWHOT.js?v=79eaa276:2209
[ 4271980ms] [WARNING] [Vue warn]: (deprecation INSTANCE_LISTENERS) (9) 
  at <BNavbarBrand href="https://www.earthcube.org/geocodes" target="_blank" class="mr-0" > 
  at <BContainer fluid="md" > 
  at <BNavbar toggleable="lg" type="dark" variant="primary"  ... > 
  at <NavHeader> 
  at <App> @ http://localhost:5174/node_modules/.vite/deps/chunk-77GDWHOT.js?v=79eaa276:2209
[ 4271982ms] [WARNING] [Vue warn]: (deprecation RENDER_FUNCTION) (3) 
  at <BNavbarToggle target="nav-collapse" > 
  at <BContainer fluid="md" > 
  at <BNavbar toggleable="lg" type="dark" variant="primary"  ... > 
  at <NavHeader> 
  at <App> @ http://localhost:5174/node_modules/.vite/deps/chunk-77GDWHOT.js?v=79eaa276:2209
[ 4271982ms] [WARNING] [Vue warn]: (deprecation INSTANCE_EVENT_EMITTER) vm.$on/$once/$off() have been removed. Use an external event emitter library instead.
  Details: https://v3-migration.vuejs.org/breaking-changes/events-api.html 
  at <BNavbarToggle target="nav-collapse" > 
  at <BContainer fluid="md" > 
  at <BNavbar toggleable="lg" type="dark" variant="primary"  ... > 
  at <NavHeader> 
  at <App> @ http://localhost:5174/node_modules/.vite/deps/chunk-77GDWHOT.js?v=79eaa276:2209
[ 4271982ms] [WARNING] [Vue warn]: (deprecation OPTIONS_BEFORE_DESTROY) (2) 
  at <BNavbarToggle target="nav-collapse" > 
  at <BContainer fluid="md" > 
  at <BNavbar toggleable="lg" type="dark" variant="primary"  ... > 
  at <NavHeader> 
  at <App> @ http://localhost:5174/node_modules/.vite/deps/chunk-77GDWHOT.js?v=79eaa276:2209
[ 4271983ms] [WARNING] [Vue warn]: (deprecation INSTANCE_SCOPED_SLOTS) (3) 
  at <BNavbarToggle target="nav-collapse" > 
  at <BContainer fluid="md" > 
  at <BNavbar toggleable="lg" type="dark" variant="primary"  ... > 
  at <NavHeader> 
  at <App> @ http://localhost:5174/node_modules/.vite/deps/chunk-77GDWHOT.js?v=79eaa276:2209
[ 4271983ms] [WARNING] [Vue warn]: (deprecation CUSTOM_DIR) Custom directive hook "bind" has been removed. Use "beforeMount" instead.
  Details: https://v3-migration.vuejs.org/breaking-changes/custom-directives.html 
  at <BNavbarToggle target="nav-collapse" > 
  at <BContainer fluid="md" > 
  at <BNavbar toggleable="lg" type="dark" variant="primary"  ... > 
  at <NavHeader> 
  at <App> @ http://localhost:5174/node_modules/.vite/deps/chunk-77GDWHOT.js?v=79eaa276:2209
[ 4271984ms] [WARNING] [Vue warn]: (deprecation RENDER_FUNCTION) (4) 
  at <BCollapse id="nav-collapse" is-nav="" > 
  at <BContainer fluid="md" > 
  at <BNavbar toggleable="lg" type="dark" variant="primary"  ... > 
  at <NavHeader> 
  at <App> @ http://localhost:5174/node_modules/.vite/deps/chunk-77GDWHOT.js?v=79eaa276:2209
[ 4271984ms] [WARNING] [Vue warn]: (deprecation OPTIONS_BEFORE_DESTROY) (3) 
  at <BCollapse id="nav-collapse" is-nav="" > 
  at <BContainer fluid="md" > 
  at <BNavbar toggleable="lg" type="dark" variant="primary"  ... > 
  at <NavHeader> 
  at <App> @ http://localhost:5174/node_modules/.vite/deps/chunk-77GDWHOT.js?v=79eaa276:2209
[ 4271984ms] [WARNING] [Vue warn]: (deprecation INSTANCE_SCOPED_SLOTS) (4) 
  at <BCollapse id="nav-collapse" is-nav="" > 
  at <BContainer fluid="md" > 
  at <BNavbar toggleable="lg" type="dark" variant="primary"  ... > 
  at <NavHeader> 
  at <App> @ http://localhost:5174/node_modules/.vite/deps/chunk-77GDWHOT.js?v=79eaa276:2209
[ 4271984ms] [WARNING] [Vue warn]: (deprecation COMPONENT_FUNCTIONAL) (4) 
  at <BCollapse id="nav-collapse" is-nav="" > 
  at <BContainer fluid="md" > 
  at <BNavbar toggleable="lg" type="dark" variant="primary"  ... > 
  at <NavHeader> 
  at <App> @ http://localhost:5174/node_modules/.vite/deps/chunk-77GDWHOT.js?v=79eaa276:2209
[ 4271985ms] [WARNING] [Vue warn]: (deprecation INSTANCE_LISTENERS) (10) 
  at <BVCollapse onEnter=fn<bound onEnter3> onAfterEnter=fn<bound onAfterEnter3> onLeave=fn<bound onLeave3>  ... > 
  at <BCollapse id="nav-collapse" is-nav="" > 
  at <BContainer fluid="md" > 
  at <BNavbar toggleable="lg" type="dark" variant="primary"  ... > 
  at <NavHeader> 
  at <App> @ http://localhost:5174/node_modules/.vite/deps/chunk-77GDWHOT.js?v=79eaa276:2209
[ 4271985ms] [WARNING] [Vue warn]: (deprecation INSTANCE_LISTENERS) (11) 
  at <BNavForm onSubmit=fn > 
  at <BNavbarNav class="ml-auto menu_nav" > 
  at <BaseTransition onEnter=fn onAfterEnter= [, ] onLeave=fn<onLeave>  ... > 
  at <Transition onEnter= [, ] onAfterEnter= [, ] onLeave= [, ]  ... > 
  at <BVCollapse onEnter=fn<bound onEnter3> onAfterEnter=fn<bound onAfterEnter3> onLeave=fn<bound onLeave3>  ... > 
  at <BCollapse id="nav-collapse" is-nav="" > 
  at <BContainer fluid="md" > 
  at <BNavbar toggleable="lg" type="dark" variant="primary"  ... > 
  at <NavHeader> 
  at <App> @ http://localhost:5174/node_modules/.vite/deps/chunk-77GDWHOT.js?v=79eaa276:2209
[ 4271986ms] [WARNING] [Vue warn]: (deprecation COMPONENT_FUNCTIONAL) (5) 
  at <BNavForm onSubmit=fn > 
  at <BNavbarNav class="ml-auto menu_nav" > 
  at <BaseTransition onEnter=fn onAfterEnter= [, ] onLeave=fn<onLeave>  ... > 
  at <Transition onEnter= [, ] onAfterEnter= [, ] onLeave= [, ]  ... > 
  at <BVCollapse onEnter=fn<bound onEnter3> onAfterEnter=fn<bound onAfterEnter3> onLeave=fn<bound onLeave3>  ... > 
  at <BCollapse id="nav-collapse" is-nav="" > 
  at <BContainer fluid="md" > 
  at <BNavbar toggleable="lg" type="dark" variant="primary"  ... > 
  at <NavHeader> 
  at <App> @ http://localhost:5174/node_modules/.vite/deps/chunk-77GDWHOT.js?v=79eaa276:2209
[ 4271986ms] [WARNING] [Vue warn]: (deprecation INSTANCE_LISTENERS) (12) 
  at <BForm class=undefined onSubmit=fn id=undefined  ... > 
  at <BNavForm onSubmit=fn > 
  at <BNavbarNav class="ml-auto menu_nav" > 
  at <BaseTransition onEnter=fn onAfterEnter= [, ] onLeave=fn<onLeave>  ... > 
  at <Transition onEnter= [, ] onAfterEnter= [, ] onLeave= [, ]  ... > 
  at <BVCollapse onEnter=fn<bound onEnter3> onAfterEnter=fn<bound onAfterEnter3> onLeave=fn<bound onLeave3>  ... > 
  at <BCollapse id="nav-collapse" is-nav="" > 
  at <BContainer fluid="md" > 
  at <BNavbar toggleable="lg" type="dark" variant="primary"  ... > 
  at <NavHeader> 
  at <App> @ http://localhost:5174/node_modules/.vite/deps/chunk-77GDWHOT.js?v=79eaa276:2209
[ 4271987ms] [WARNING] [Vue warn]: (deprecation INSTANCE_LISTENERS) (13) 
  at <BInputGroup size="sm" > 
  at <BForm class=undefined onSubmit=fn id=undefined  ... > 
  at <BNavForm onSubmit=fn > 
  at <BNavbarNav class="ml-auto menu_nav" > 
  at <BaseTransition onEnter=fn onAfterEnter= [, ] onLeave=fn<onLeave>  ... > 
  at <Transition onEnter= [, ] onAfterEnter= [, ] onLeave= [, ]  ... > 
  at <BVCollapse onEnter=fn<bound onEnter3> onAfterEnter=fn<bound onAfterEnter3> onLeave=fn<bound onLeave3>  ... > 
  at <BCollapse id="nav-collapse" is-nav="" > 
  at <BContainer fluid="md" > 
  at <BNavbar toggleable="lg" type="dark" variant="primary"  ... > 
  at <NavHeader> 
  at <App> @ http://localhost:5174/node_modules/.vite/deps/chunk-77GDWHOT.js?v=79eaa276:2209
[ 4271987ms] [WARNING] [Vue warn]: (deprecation COMPONENT_V_MODEL) v-model usage on component has changed in Vue 3. Component that expects to work with v-model should now use the "modelValue" prop and emit the "update:modelValue" event. You can update the usage and then opt-in to Vue 3 behavior on a per-component basis with `compatConfig: { COMPONENT_V_MODEL: false }`.
  Details: https://v3-migration.vuejs.org/breaking-changes/v-model.html 
  at <BFormInput modelValue="" onUpdate:modelValue=fn type="search"  ... > @ http://localhost:5174/node_modules/.vite/deps/chunk-77GDWHOT.js?v=79eaa276:2209
[ 4271988ms] [WARNING] [Vue warn]: (deprecation RENDER_FUNCTION) (5) 
  at <BFormInput type="search" placeholder="Search" onKeydown=fn  ... > 
  at <BInputGroup size="sm" > 
  at <BForm class=undefined onSubmit=fn id=undefined  ... > 
  at <BNavForm onSubmit=fn > 
  at <BNavbarNav class="ml-auto menu_nav" > 
  at <BaseTransition onEnter=fn onAfterEnter= [, ] onLeave=fn<onLeave>  ... > 
  at <Transition onEnter= [, ] onAfterEnter= [, ] onLeave= [, ]  ... > 
  at <BVCollapse onEnter=fn<bound onEnter3> onAfterEnter=fn<bound onAfterEnter3> onLeave=fn<bound onLeave3>  ... > 
  at <BCollapse id="nav-collapse" is-nav="" > 
  at <BContainer fluid="md" > 
  at <BNavbar toggleable="lg" type="dark" variant="primary"  ... > 
  at <NavHeader> 
  at <App> @ http://localhost:5174/node_modules/.vite/deps/chunk-77GDWHOT.js?v=79eaa276:2209
[ 4271988ms] [WARNING] [Vue warn]: (deprecation OPTIONS_DATA_MERGE) (2) 
  at <BFormInput type="search" placeholder="Search" onKeydown=fn  ... > 
  at <BInputGroup size="sm" > 
  at <BForm class=undefined onSubmit=fn id=undefined  ... > 
  at <BNavForm onSubmit=fn > 
  at <BNavbarNav class="ml-auto menu_nav" > 
  at <BaseTransition onEnter=fn onAfterEnter= [, ] onLeave=fn<onLeave>  ... > 
  at <Transition onEnter= [, ] onAfterEnter= [, ] onLeave= [, ]  ... > 
  at <BVCollapse onEnter=fn<bound onEnter3> onAfterEnter=fn<bound onAfterEnter3> onLeave=fn<bound onLeave3>  ... > 
  at <BCollapse id="nav-collapse" is-nav="" > 
  at <BContainer fluid="md" > 
  at <BNavbar toggleable="lg" type="dark" variant="primary"  ... > 
  at <NavHeader> 
  at <App> @ http://localhost:5174/node_modules/.vite/deps/chunk-77GDWHOT.js?v=79eaa276:2209
[ 4271989ms] [WARNING] [Vue warn]: (deprecation INSTANCE_LISTENERS) (14) 
  at <BFormInput type="search" placeholder="Search" onKeydown=fn  ... > 
  at <BInputGroup size="sm" > 
  at <BForm class=undefined onSubmit=fn id=undefined  ... > 
  at <BNavForm onSubmit=fn > 
  at <BNavbarNav class="ml-auto menu_nav" > 
  at <BaseTransition onEnter=fn onAfterEnter= [, ] onLeave=fn<onLeave>  ... > 
  at <Transition onEnter= [, ] onAfterEnter= [, ] onLeave= [, ]  ... > 
  at <BVCollapse onEnter=fn<bound onEnter3> onAfterEnter=fn<bound onAfterEnter3> onLeave=fn<bound onLeave3>  ... > 
  at <BCollapse id="nav-collapse" is-nav="" > 
  at <BContainer fluid="md" > 
  at <BNavbar toggleable="lg" type="dark" variant="primary"  ... > 
  at <NavHeader> 
  at <App> @ http://localhost:5174/node_modules/.vite/deps/chunk-77GDWHOT.js?v=79eaa276:2209
[ 4271989ms] [WARNING] [Vue warn]: (deprecation OPTIONS_BEFORE_DESTROY) (4) 
  at <BFormInput type="search" placeholder="Search" onKeydown=fn  ... > 
  at <BInputGroup size="sm" > 
  at <BForm class=undefined onSubmit=fn id=undefined  ... > 
  at <BNavForm onSubmit=fn > 
  at <BNavbarNav class="ml-auto menu_nav" > 
  at <BaseTransition onEnter=fn onAfterEnter= [, ] onLeave=fn<onLeave>  ... > 
  at <Transition onEnter= [, ] onAfterEnter= [, ] onLeave= [, ]  ... > 
  at <BVCollapse onEnter=fn<bound onEnter3> onAfterEnter=fn<bound onAfterEnter3> onLeave=fn<bound onLeave3>  ... > 
  at <BCollapse id="nav-collapse" is-nav="" > 
  at <BContainer fluid="md" > 
  at <BNavbar toggleable="lg" type="dark" variant="primary"  ... > 
  at <NavHeader> 
  at <App> @ http://localhost:5174/node_modules/.vite/deps/chunk-77GDWHOT.js?v=79eaa276:2209
[ 4271990ms] [WARNING] [Vue warn]: (deprecation ATTR_FALSE_VALUE) Attribute "aria-invalid" with v-bind value `false` will render aria-invalid="false" instead of removing it in Vue 3. To remove the attribute, use `null` or `undefined` instead. If the usage is intended, you can disable the compat behavior and suppress this warning with:

  configureCompat({ ATTR_FALSE_VALUE: false })

  Details: https://v3-migration.vuejs.org/breaking-changes/attribute-coercion.html 
  at <BFormInput type="search" placeholder="Search" onKeydown=fn  ... > 
  at <BInputGroup size="sm" > 
  at <BForm class=undefined onSubmit=fn id=undefined  ... > 
  at <BNavForm onSubmit=fn > 
  at <BNavbarNav class="ml-auto menu_nav" > 
  at <BaseTransition onEnter=fn onAfterEnter= [, ] onLeave=fn<onLeave>  ... > 
  at <Transition onEnter= [, ] onAfterEnter= [, ] onLeave= [, ]  ... > 
  at <BVCollapse onEnter=fn<bound onEnter3> onAfterEnter=fn<bound onAfterEnter3> onLeave=fn<bound onLeave3>  ... > 
  at <BCollapse id="nav-collapse" is-nav="" > 
  at <BContainer fluid="md" > 
  at <BNavbar toggleable="lg" type="dark" variant="primary"  ... > 
  at <NavHeader> 
  at <App> @ http://localhost:5174/node_modules/.vite/deps/chunk-77GDWHOT.js?v=79eaa276:2209
[ 4271990ms] [WARNING] [Vue warn]: (deprecation INSTANCE_LISTENERS) (15) 
  at <BInputGroupAppend> 
  at <BInputGroup size="sm" > 
  at <BForm class=undefined onSubmit=fn id=undefined  ... > 
  at <BNavForm onSubmit=fn > 
  at <BNavbarNav class="ml-auto menu_nav" > 
  at <BaseTransition onEnter=fn onAfterEnter= [, ] onLeave=fn<onLeave>  ... > 
  at <Transition onEnter= [, ] onAfterEnter= [, ] onLeave= [, ]  ... > 
  at <BVCollapse onEnter=fn<bound onEnter3> onAfterEnter=fn<bound onAfterEnter3> onLeave=fn<bound onLeave3>  ... > 
  at <BCollapse id="nav-collapse" is-nav="" > 
  at <BContainer fluid="md" > 
  at <BNavbar toggleable="lg" type="dark" variant="primary"  ... > 
  at <NavHeader> 
  at <App> @ http://localhost:5174/node_modules/.vite/deps/chunk-77GDWHOT.js?v=79eaa276:2209
[ 4271990ms] [WARNING] [Vue warn]: (deprecation COMPONENT_FUNCTIONAL) (6) 
  at <BInputGroupAppend> 
  at <BInputGroup size="sm" > 
  at <BForm class=undefined onSubmit=fn id=undefined  ... > 
  at <BNavForm onSubmit=fn > 
  at <BNavbarNav class="ml-auto menu_nav" > 
  at <BaseTransition onEnter=fn onAfterEnter= [, ] onLeave=fn<onLeave>  ... > 
  at <Transition onEnter= [, ] onAfterEnter= [, ] onLeave= [, ]  ... > 
  at <BVCollapse onEnter=fn<bound onEnter3> onAfterEnter=fn<bound onAfterEnter3> onLeave=fn<bound onLeave3>  ... > 
  at <BCollapse id="nav-collapse" is-nav="" > 
  at <BContainer fluid="md" > 
  at <BNavbar toggleable="lg" type="dark" variant="primary"  ... > 
  at <NavHeader> 
  at <App> @ http://localhost:5174/node_modules/.vite/deps/chunk-77GDWHOT.js?v=79eaa276:2209
[ 4271991ms] [WARNING] [Vue warn]: (deprecation INSTANCE_LISTENERS) (16) 
  at <BInputGroupAddon id=undefined isText=false tag="div"  ... > 
  at <BInputGroupAppend> 
  at <BInputGroup size="sm" > 
  at <BForm class=undefined onSubmit=fn id=undefined  ... > 
  at <BNavForm onSubmit=fn > 
  at <BNavbarNav class="ml-auto menu_nav" > 
  at <BaseTransition onEnter=fn onAfterEnter= [, ] onLeave=fn<onLeave>  ... > 
  at <Transition onEnter= [, ] onAfterEnter= [, ] onLeave= [, ]  ... > 
  at <BVCollapse onEnter=fn<bound onEnter3> onAfterEnter=fn<bound onAfterEnter3> onLeave=fn<bound onLeave3>  ... > 
  at <BCollapse id="nav-collapse" is-nav="" > 
  at <BContainer fluid="md" > 
  at <BNavbar toggleable="lg" type="dark" variant="primary"  ... > 
  at <NavHeader> 
  at <App> @ http://localhost:5174/node_modules/.vite/deps/chunk-77GDWHOT.js?v=79eaa276:2209
[ 4271992ms] [WARNING] [Vue warn]: (deprecation RENDER_FUNCTION) (6) 
  at <BDropdown text="SPARQL" variant="primary" > 
  at <BNavbarNav class="ml-auto menu_nav" > 
  at <BaseTransition onEnter=fn onAfterEnter= [, ] onLeave=fn<onLeave>  ... > 
  at <Transition onEnter= [, ] onAfterEnter= [, ] onLeave= [, ]  ... > 
  at <BVCollapse onEnter=fn<bound onEnter3> onAfterEnter=fn<bound onAfterEnter3> onLeave=fn<bound onLeave3>  ... > 
  at <BCollapse id="nav-collapse" is-nav="" > 
  at <BContainer fluid="md" > 
  at <BNavbar toggleable="lg" type="dark" variant="primary"  ... > 
  at <NavHeader> 
  at <App> @ http://localhost:5174/node_modules/.vite/deps/chunk-77GDWHOT.js?v=79eaa276:2209
[ 4271993ms] [WARNING] [Vue warn]: (deprecation OPTIONS_BEFORE_DESTROY) (5) 
  at <BDropdown text="SPARQL" variant="primary" > 
  at <BNavbarNav class="ml-auto menu_nav" > 
  at <BaseTransition onEnter=fn onAfterEnter= [, ] onLeave=fn<onLeave>  ... > 
  at <Transition onEnter= [, ] onAfterEnter= [, ] onLeave= [, ]  ... > 
  at <BVCollapse onEnter=fn<bound onEnter3> onAfterEnter=fn<bound onAfterEnter3> onLeave=fn<bound onLeave3>  ... > 
  at <BCollapse id="nav-collapse" is-nav="" > 
  at <BContainer fluid="md" > 
  at <BNavbar toggleable="lg" type="dark" variant="primary"  ... > 
  at <NavHeader> 
  at <App> @ http://localhost:5174/node_modules/.vite/deps/chunk-77GDWHOT.js?v=79eaa276:2209
[ 4271993ms] [WARNING] [Vue warn]: (deprecation INSTANCE_SCOPED_SLOTS) (5) 
  at <BDropdown text="SPARQL" variant="primary" > 
  at <BNavbarNav class="ml-auto menu_nav" > 
  at <BaseTransition onEnter=fn onAfterEnter= [, ] onLeave=fn<onLeave>  ... > 
  at <Transition onEnter= [, ] onAfterEnter= [, ] onLeave= [, ]  ... > 
  at <BVCollapse onEnter=fn<bound onEnter3> onAfterEnter=fn<bound onAfterEnter3> onLeave=fn<bound onLeave3>  ... > 
  at <BCollapse id="nav-collapse" is-nav="" > 
  at <BContainer fluid="md" > 
  at <BNavbar toggleable="lg" type="dark" variant="primary"  ... > 
  at <NavHeader> 
  at <App> @ http://localhost:5174/node_modules/.vite/deps/chunk-77GDWHOT.js?v=79eaa276:2209
[ 4271994ms] [WARNING] [Vue warn]: (deprecation COMPONENT_FUNCTIONAL) (7) 
  at <BDropdown text="SPARQL" variant="primary" > 
  at <BNavbarNav class="ml-auto menu_nav" > 
  at <BaseTransition onEnter=fn onAfterEnter= [, ] onLeave=fn<onLeave>  ... > 
  at <Transition onEnter= [, ] onAfterEnter= [, ] onLeave= [, ]  ... > 
  at <BVCollapse onEnter=fn<bound onEnter3> onAfterEnter=fn<bound onAfterEnter3> onLeave=fn<bound onLeave3>  ... > 
  at <BCollapse id="nav-collapse" is-nav="" > 
  at <BContainer fluid="md" > 
  at <BNavbar toggleable="lg" type="dark" variant="primary"  ... > 
  at <NavHeader> 
  at <App> @ http://localhost:5174/node_modules/.vite/deps/chunk-77GDWHOT.js?v=79eaa276:2209
[ 4271994ms] [WARNING] [Vue warn]: (deprecation RENDER_FUNCTION) (7) 
  at <BDropdownItem target="_blank" onClick=fn > 
  at <BDropdown text="SPARQL" variant="primary" > 
  at <BNavbarNav class="ml-auto menu_nav" > 
  at <BaseTransition onEnter=fn onAfterEnter= [, ] onLeave=fn<onLeave>  ... > 
  at <Transition onEnter= [, ] onAfterEnter= [, ] onLeave= [, ]  ... > 
  at <BVCollapse onEnter=fn<bound onEnter3> onAfterEnter=fn<bound onAfterEnter3> onLeave=fn<bound onLeave3>  ... > 
  at <BCollapse id="nav-collapse" is-nav="" > 
  at <BContainer fluid="md" > 
  at <BNavbar toggleable="lg" type="dark" variant="primary"  ... > 
  at <NavHeader> 
  at <App> @ http://localhost:5174/node_modules/.vite/deps/chunk-77GDWHOT.js?v=79eaa276:2209
[ 4271995ms] [WARNING] [Vue warn]: (deprecation INSTANCE_SCOPED_SLOTS) (6) 
  at <BDropdownItem target="_blank" onClick=fn > 
  at <BDropdown text="SPARQL" variant="primary" > 
  at <BNavbarNav class="ml-auto menu_nav" > 
  at <BaseTransition onEnter=fn onAfterEnter= [, ] onLeave=fn<onLeave>  ... > 
  at <Transition onEnter= [, ] onAfterEnter= [, ] onLeave= [, ]  ... > 
  at <BVCollapse onEnter=fn<bound onEnter3> onAfterEnter=fn<bound onAfterEnter3> onLeave=fn<bound onLeave3>  ... > 
  at <BCollapse id="nav-collapse" is-nav="" > 
  at <BContainer fluid="md" > 
  at <BNavbar toggleable="lg" type="dark" variant="primary"  ... > 
  at <NavHeader> 
  at <App> @ http://localhost:5174/node_modules/.vite/deps/chunk-77GDWHOT.js?v=79eaa276:2209
[ 4271997ms] [WARNING] [Vue warn]: (deprecation COMPONENT_FUNCTIONAL) (8) 
  at <Search2 textQuery="water" resourceType=undefined exact="false"  ... > 
  at <RouterView> 
  at <App> @ http://localhost:5174/node_modules/.vite/deps/chunk-77GDWHOT.js?v=79eaa276:2209
[ 4271997ms] [WARNING] [Vue warn]: (deprecation RENDER_FUNCTION) (8) 
  at <BOverlay rounded="sm" show=false variant="white"  ... > 
  at <BContainer fluid="md" class="mt-3" textQuery="water"  ... > 
  at <Search2 textQuery="water" resourceType=undefined exact="false"  ... > 
  at <RouterView> 
  at <App> @ http://localhost:5174/node_modules/.vite/deps/chunk-77GDWHOT.js?v=79eaa276:2209
[ 4271997ms] [WARNING] [Vue warn]: (deprecation COMPONENT_FUNCTIONAL) (9) 
  at <BOverlay rounded="sm" show=false variant="white"  ... > 
  at <BContainer fluid="md" class="mt-3" textQuery="water"  ... > 
  at <Search2 textQuery="water" resourceType=undefined exact="false"  ... > 
  at <RouterView> 
  at <App> @ http://localhost:5174/node_modules/.vite/deps/chunk-77GDWHOT.js?v=79eaa276:2209
[ 4271997ms] [WARNING] [Vue warn]: (deprecation INSTANCE_SCOPED_SLOTS) (7) 
  at <BOverlay rounded="sm" show=false variant="white"  ... > 
  at <BContainer fluid="md" class="mt-3" textQuery="water"  ... > 
  at <Search2 textQuery="water" resourceType=undefined exact="false"  ... > 
  at <RouterView> 
  at <App> @ http://localhost:5174/node_modules/.vite/deps/chunk-77GDWHOT.js?v=79eaa276:2209
[ 4271998ms] [WARNING] [Vue warn]: (deprecation COMPONENT_V_MODEL) (2) 
  at <BFormCheckbox modelValue=true onUpdate:modelValue=fn class="small" > @ http://localhost:5174/node_modules/.vite/deps/chunk-77GDWHOT.js?v=79eaa276:2209
[ 4271999ms] [WARNING] [Vue warn]: (deprecation RENDER_FUNCTION) (9) 
  at <BFormCheckbox class="small" checked=true onModelCompat:input=fn > 
  at <BCol md="3" class="sidebar" > 
  at <BRow> 
  at <BOverlay rounded="sm" show=false variant="white"  ... > 
  at <BContainer fluid="md" class="mt-3" textQuery="water"  ... > 
  at <Search2 textQuery="water" resourceType=undefined exact="false"  ... > 
  at <RouterView> 
  at <App> @ http://localhost:5174/node_modules/.vite/deps/chunk-77GDWHOT.js?v=79eaa276:2209
[ 4272000ms] [WARNING] [Vue warn]: (deprecation INSTANCE_SCOPED_SLOTS) (8) 
  at <BFormCheckbox class="small" checked=true onModelCompat:input=fn > 
  at <BCol md="3" class="sidebar" > 
  at <BRow> 
  at <BOverlay rounded="sm" show=false variant="white"  ... > 
  at <BContainer fluid="md" class="mt-3" textQuery="water"  ... > 
  at <Search2 textQuery="water" resourceType=undefined exact="false"  ... > 
  at <RouterView> 
  at <App> @ http://localhost:5174/node_modules/.vite/deps/chunk-77GDWHOT.js?v=79eaa276:2209
[ 4272000ms] [WARNING] [Vue warn]: (deprecation INSTANCE_ATTRS_CLASS_STYLE) Component <BFormCheckbox> has `inheritAttrs: false` but is relying on class/style fallthrough from parent. In Vue 3, class/style are now included in $attrs and will no longer fallthrough when inheritAttrs is false. If you are already using v-bind="$attrs" on component root it should render the same end result. If you are binding $attrs to a non-root element and expecting class/style to fallthrough on root, you will need to now manually bind them on root via :class="$attrs.class".
  Details: https://v3-migration.vuejs.org/breaking-changes/attrs-includes-class-style.html 
  at <BFormCheckbox class="small" checked=true onModelCompat:input=fn > 
  at <BCol md="3" class="sidebar" > 
  at <BRow> 
  at <BOverlay rounded="sm" show=false variant="white"  ... > 
  at <BContainer fluid="md" class="mt-3" textQuery="water"  ... > 
  at <Search2 textQuery="water" resourceType=undefined exact="false"  ... > 
  at <RouterView> 
  at <App> @ http://localhost:5174/node_modules/.vite/deps/chunk-77GDWHOT.js?v=79eaa276:2209
[ 4272006ms] [WARNING] [Vue warn]: (deprecation COMPONENT_FUNCTIONAL) (10) 
  at <BCollapse visible=true > 
  at <GeoBoundingBoxPicker2 facet-config= {field: spatialCoverage, title: Spatial Filter, sort: acs, open: true, type: geo} > 
  at <Facets2 facets= [Object, Object, Object, Object, Object, Object, Object, Object] > 
  at <BCol md="3" class="sidebar" > 
  at <BRow> 
  at <BOverlay rounded="sm" show=false variant="white"  ... > 
  at <BContainer fluid="md" class="mt-3" textQuery="water"  ... > 
  at <Search2 textQuery="water" resourceType=undefined exact="false"  ... > 
  at <RouterView> 
  at <App> @ http://localhost:5174/node_modules/.vite/deps/chunk-77GDWHOT.js?v=79eaa276:2209
[ 4272006ms] [WARNING] [Vue warn]: (deprecation COMPONENT_FUNCTIONAL) (11) 
  at <Feedback subject="Search" name="" urn="" > 
  at <BCol md="3" class="sidebar" > 
  at <BRow> 
  at <BOverlay rounded="sm" show=false variant="white"  ... > 
  at <BContainer fluid="md" class="mt-3" textQuery="water"  ... > 
  at <Search2 textQuery="water" resourceType=undefined exact="false"  ... > 
  at <RouterView> 
  at <App> @ http://localhost:5174/node_modules/.vite/deps/chunk-77GDWHOT.js?v=79eaa276:2209
[ 4272007ms] [WARNING] [Vue warn]: (deprecation RENDER_FUNCTION) (10) 
  at <BModal id="feedback-modal" ref="modal" size="lg"  ... > 
  at <Feedback subject="Search" name="" urn="" > 
  at <BCol md="3" class="sidebar" > 
  at <BRow> 
  at <BOverlay rounded="sm" show=false variant="white"  ... > 
  at <BContainer fluid="md" class="mt-3" textQuery="water"  ... > 
  at <Search2 textQuery="water" resourceType=undefined exact="false"  ... > 
  at <RouterView> 
  at <App> @ http://localhost:5174/node_modules/.vite/deps/chunk-77GDWHOT.js?v=79eaa276:2209
[ 4272007ms] [WARNING] [Vue warn]: (deprecation OPTIONS_BEFORE_DESTROY) (6) 
  at <BModal id="feedback-modal" ref="modal" size="lg"  ... > 
  at <Feedback subject="Search" name="" urn="" > 
  at <BCol md="3" class="sidebar" > 
  at <BRow> 
  at <BOverlay rounded="sm" show=false variant="white"  ... > 
  at <BContainer fluid="md" class="mt-3" textQuery="water"  ... > 
  at <Search2 textQuery="water" resourceType=undefined exact="false"  ... > 
  at <RouterView> 
  at <App> @ http://localhost:5174/node_modules/.vite/deps/chunk-77GDWHOT.js?v=79eaa276:2209
[ 4272008ms] [WARNING] [Vue warn]: (deprecation COMPONENT_V_MODEL) (3) 
  at <BFormSelect modelValue="score" onUpdate:modelValue=fn options= [Object, Object, Object, Object]  ... > @ http://localhost:5174/node_modules/.vite/deps/chunk-77GDWHOT.js?v=79eaa276:2209
[ 4272008ms] [WARNING] [Vue warn]: (deprecation RENDER_FUNCTION) (11) 
  at <BFormSelect options= [Object, Object, Object, Object] size="sm" class="sort-select"  ... > 
  at <ResultHeader2 current-count=0 total-count=0 filters= {}  ... > 
  at <BCol md="9" class="results" > 
  at <BRow> 
  at <BOverlay rounded="sm" show=false variant="white"  ... > 
  at <BContainer fluid="md" class="mt-3" textQuery="water"  ... > 
  at <Search2 textQuery="water" resourceType=undefined exact="false"  ... > 
  at <RouterView> 
  at <App> @ http://localhost:5174/node_modules/.vite/deps/chunk-77GDWHOT.js?v=79eaa276:2209
[ 4272009ms] [WARNING] [Vue warn]: (deprecation COMPONENT_FUNCTIONAL) (12) 
  at <BFormSelect options= [Object, Object, Object, Object] size="sm" class="sort-select"  ... > 
  at <ResultHeader2 current-count=0 total-count=0 filters= {}  ... > 
  at <BCol md="9" class="results" > 
  at <BRow> 
  at <BOverlay rounded="sm" show=false variant="white"  ... > 
  at <BContainer fluid="md" class="mt-3" textQuery="water"  ... > 
  at <Search2 textQuery="water" resourceType=undefined exact="false"  ... > 
  at <RouterView> 
  at <App> @ http://localhost:5174/node_modules/.vite/deps/chunk-77GDWHOT.js?v=79eaa276:2209
[ 4272009ms] [WARNING] [Vue warn]: (deprecation INSTANCE_SCOPED_SLOTS) (9) 
  at <BFormSelect options= [Object, Object, Object, Object] size="sm" class="sort-select"  ... > 
  at <ResultHeader2 current-count=0 total-count=0 filters= {}  ... > 
  at <BCol md="9" class="results" > 
  at <BRow> 
  at <BOverlay rounded="sm" show=false variant="white"  ... > 
  at <BContainer fluid="md" class="mt-3" textQuery="water"  ... > 
  at <Search2 textQuery="water" resourceType=undefined exact="false"  ... > 
  at <RouterView> 
  at <App> @ http://localhost:5174/node_modules/.vite/deps/chunk-77GDWHOT.js?v=79eaa276:2209
[ 4272010ms] [WARNING] [Vue warn]: (deprecation INSTANCE_LISTENERS) (17) 
  at <BFormSelectOption textContent="Name" key="option_0" value="name"  ... > 
  at <BFormSelect options= [Object, Object, Object, Object] size="sm" class="sort-select"  ... > 
  at <ResultHeader2 current-count=0 total-count=0 filters= {}  ... > 
  at <BCol md="9" class="results" > 
  at <BRow> 
  at <BOverlay rounded="sm" show=false variant="white"  ... > 
  at <BContainer fluid="md" class="mt-3" textQuery="water"  ... > 
  at <Search2 textQuery="water" resourceType=undefined exact="false"  ... > 
  at <RouterView> 
  at <App> @ http://localhost:5174/node_modules/.vite/deps/chunk-77GDWHOT.js?v=79eaa276:2209
[ 4272010ms] [WARNING] [Vue warn]: (deprecation ATTR_FALSE_VALUE) (2) 
  at <BFormSelect options= [Object, Object, Object, Object] size="sm" class="sort-select"  ... > 
  at <ResultHeader2 current-count=0 total-count=0 filters= {}  ... > 
  at <BCol md="9" class="results" > 
  at <BRow> 
  at <BOverlay rounded="sm" show=false variant="white"  ... > 
  at <BContainer fluid="md" class="mt-3" textQuery="water"  ... > 
  at <Search2 textQuery="water" resourceType=undefined exact="false"  ... > 
  at <RouterView> 
  at <App> @ http://localhost:5174/node_modules/.vite/deps/chunk-77GDWHOT.js?v=79eaa276:2209
[ 4272010ms] [WARNING] [Vue warn]: (deprecation INSTANCE_LISTENERS) (18) 
  at <BVTransition onAfter-enter=fn<afterEnter> onAfter-leave=fn<afterLeave> noFade=false  ... > 
  at <BOverlay rounded="sm" show=false variant="white"  ... > 
  at <BContainer fluid="md" class="mt-3" textQuery="water"  ... > 
  at <Search2 textQuery="water" resourceType=undefined exact="false"  ... > 
  at <RouterView> 
  at <App> @ http://localhost:5174/node_modules/.vite/deps/chunk-77GDWHOT.js?v=79eaa276:2209
[ 4272017ms] [WARNING] [Vue warn]: (deprecation CUSTOM_DIR) Custom directive hook "inserted" has been removed. Use "mounted" instead.
  Details: https://v3-migration.vuejs.org/breaking-changes/custom-directives.html @ http://localhost:5174/node_modules/.vite/deps/chunk-77GDWHOT.js?v=79eaa276:2209
[ 4272019ms] [WARNING] [Vue warn]: (deprecation ATTR_FALSE_VALUE) Attribute "checked" with v-bind value `false` will render checked="false" instead of removing it in Vue 3. To remove the attribute, use `null` or `undefined` instead. If the usage is intended, you can disable the compat behavior and suppress this warning with:

  configureCompat({ ATTR_FALSE_VALUE: false })

  Details: https://v3-migration.vuejs.org/breaking-changes/attribute-coercion.html 
  at <BFormCheckbox class="small" checked=false onModelCompat:input=fn > 
  at <BCol md="3" class="sidebar" > 
  at <BRow> 
  at <BOverlay rounded="sm" show=true variant="white"  ... > 
  at <BContainer fluid="md" class="mt-3" textQuery="water"  ... > 
  at <Search2 textQuery="water" resourceType=undefined exact="false"  ... > 
  at <RouterView> 
  at <App> @ http://localhost:5174/node_modules/.vite/deps/chunk-77GDWHOT.js?v=79eaa276:2209
[ 4272020ms] [WARNING] [Vue warn]: (deprecation COMPONENT_FUNCTIONAL) (13) 
  at <ResultHeader2 current-count=0 total-count=0 filters= {placenames: Proxy(Array)}  ... > 
  at <BCol md="9" class="results" > 
  at <BRow> 
  at <BOverlay rounded="sm" show=true variant="white"  ... > 
  at <BContainer fluid="md" class="mt-3" textQuery="water"  ... > 
  at <Search2 textQuery="water" resourceType=undefined exact="false"  ... > 
  at <RouterView> 
  at <App> @ http://localhost:5174/node_modules/.vite/deps/chunk-77GDWHOT.js?v=79eaa276:2209
[ 4272020ms] [WARNING] [Vue warn]: (deprecation INSTANCE_LISTENERS) (19) 
  at <BSpinner small="" class="me-2" > 
  at <ResultHeader2 current-count=0 total-count=0 filters= {placenames: Proxy(Array)}  ... > 
  at <BCol md="9" class="results" > 
  at <BRow> 
  at <BOverlay rounded="sm" show=true variant="white"  ... > 
  at <BContainer fluid="md" class="mt-3" textQuery="water"  ... > 
  at <Search2 textQuery="water" resourceType=undefined exact="false"  ... > 
  at <RouterView> 
  at <App> @ http://localhost:5174/node_modules/.vite/deps/chunk-77GDWHOT.js?v=79eaa276:2209
[ 4272021ms] [WARNING] [Vue warn]: (deprecation INSTANCE_LISTENERS) (20) 
  at <BBadge variant="secondary" class="me-1" > 
  at <ResultHeader2 current-count=0 total-count=0 filters= {placenames: Proxy(Array)}  ... > 
  at <BCol md="9" class="results" > 
  at <BRow> 
  at <BOverlay rounded="sm" show=true variant="white"  ... > 
  at <BContainer fluid="md" class="mt-3" textQuery="water"  ... > 
  at <Search2 textQuery="water" resourceType=undefined exact="false"  ... > 
  at <RouterView> 
  at <App> @ http://localhost:5174/node_modules/.vite/deps/chunk-77GDWHOT.js?v=79eaa276:2209
[ 4272021ms] [WARNING] [Vue warn]: (deprecation COMPONENT_FUNCTIONAL) (14) 
  at <Results2 results= [] loading=true > 
  at <BCol md="9" class="results" > 
  at <BRow> 
  at <BOverlay rounded="sm" show=true variant="white"  ... > 
  at <BContainer fluid="md" class="mt-3" textQuery="water"  ... > 
  at <Search2 textQuery="water" resourceType=undefined exact="false"  ... > 
  at <RouterView> 
  at <App> @ http://localhost:5174/node_modules/.vite/deps/chunk-77GDWHOT.js?v=79eaa276:2209
[ 4272022ms] [WARNING] [Vue warn]: (deprecation COMPONENT_FUNCTIONAL) (15) 
  at <BCollapse visible=false > 
  at <FacetText2 key=0 facet-config= {field: resourceType, title: Resource Type, sort: acs, open: false, type: text} > 
  at <Facets2 facets= [Object, Object, Object, Object, Object, Object, Object, Object] > 
  at <BCol md="3" class="sidebar" > 
  at <BRow> 
  at <BOverlay rounded="sm" show=true variant="white"  ... > 
  at <BContainer fluid="md" class="mt-3" textQuery="water"  ... > 
  at <Search2 textQuery="water" resourceType=undefined exact="false"  ... > 
  at <RouterView> 
  at <App> @ http://localhost:5174/node_modules/.vite/deps/chunk-77GDWHOT.js?v=79eaa276:2209
[ 4272280ms] [WARNING] [Vue warn]: (deprecation COMPONENT_FUNCTIONAL) (16) 
  at <ResultItem2 key="urn:gleaner.io:eco:iedadata:data:ca75fbf44284a65a9458778ef372a7c2bd58b62b" result= {g: urn:gleaner.io:eco:iedadata:data:ca75fbf44284a65a9458778ef372a7c2bd58b62b, subj: DOI:10.15784/601205, name: Algal pigment concentrations from the Ross Sea, description: Abstract: Algal pigment concentrations as measured…l B. Palmer cruise in the Ross Sea from 2017-2018, datep: 2019} index=0 > 
  at <Results2 results= [Object, Object, Object, Object, Object, Object, Object, Object, Object, Object, Object, Object, Object] loading=false > 
  at <BCol md="9" class="results" > 
  at <BRow> 
  at <BOverlay rounded="sm" show=false variant="white"  ... > 
  at <BContainer fluid="md" class="mt-3" textQuery="water"  ... > 
  at <Search2 textQuery="water" resourceType=undefined exact="false"  ... > 
  at <RouterView> 
  at <App> @ http://localhost:5174/node_modules/.vite/deps/chunk-77GDWHOT.js?v=79eaa276:2209
[ 4272281ms] [WARNING] [Vue warn]: (deprecation INSTANCE_LISTENERS) (21) 
  at <BCard class="result-item" > 
  at <ResultItem2 key="urn:gleaner.io:eco:iedadata:data:ca75fbf44284a65a9458778ef372a7c2bd58b62b" result= {g: urn:gleaner.io:eco:iedadata:data:ca75fbf44284a65a9458778ef372a7c2bd58b62b, subj: DOI:10.15784/601205, name: Algal pigment concentrations from the Ross Sea, description: Abstract: Algal pigment concentrations as measured…l B. Palmer cruise in the Ross Sea from 2017-2018, datep: 2019} index=0 > 
  at <Results2 results= [Object, Object, Object, Object, Object, Object, Object, Object, Object, Object, Object, Object, Object] loading=false > 
  at <BCol md="9" class="results" > 
  at <BRow> 
  at <BOverlay rounded="sm" show=false variant="white"  ... > 
  at <BContainer fluid="md" class="mt-3" textQuery="water"  ... > 
  at <Search2 textQuery="water" resourceType=undefined exact="false"  ... > 
  at <RouterView> 
  at <App> @ http://localhost:5174/node_modules/.vite/deps/chunk-77GDWHOT.js?v=79eaa276:2209
[ 4272281ms] [WARNING] [Vue warn]: (deprecation COMPONENT_FUNCTIONAL) (17) 
  at <BCard class="result-item" > 
  at <ResultItem2 key="urn:gleaner.io:eco:iedadata:data:ca75fbf44284a65a9458778ef372a7c2bd58b62b" result= {g: urn:gleaner.io:eco:iedadata:data:ca75fbf44284a65a9458778ef372a7c2bd58b62b, subj: DOI:10.15784/601205, name: Algal pigment concentrations from the Ross Sea, description: Abstract: Algal pigment concentrations as measured…l B. Palmer cruise in the Ross Sea from 2017-2018, datep: 2019} index=0 > 
  at <Results2 results= [Object, Object, Object, Object, Object, Object, Object, Object, Object, Object, Object, Object, Object] loading=false > 
  at <BCol md="9" class="results" > 
  at <BRow> 
  at <BOverlay rounded="sm" show=false variant="white"  ... > 
  at <BContainer fluid="md" class="mt-3" textQuery="water"  ... > 
  at <Search2 textQuery="water" resourceType=undefined exact="false"  ... > 
  at <RouterView> 
  at <App> @ http://localhost:5174/node_modules/.vite/deps/chunk-77GDWHOT.js?v=79eaa276:2209
[ 4272281ms] [WARNING] [Vue warn]: (deprecation INSTANCE_LISTENERS) (22) 
  at <BCardBody bodyBgVariant=undefined bodyBorderVariant=undefined bodyClass=undefined  ... > 
  at <BCard class="result-item" > 
  at <ResultItem2 key="urn:gleaner.io:eco:iedadata:data:ca75fbf44284a65a9458778ef372a7c2bd58b62b" result= {g: urn:gleaner.io:eco:iedadata:data:ca75fbf44284a65a9458778ef372a7c2bd58b62b, subj: DOI:10.15784/601205, name: Algal pigment concentrations from the Ross Sea, description: Abstract: Algal pigment concentrations as measured…l B. Palmer cruise in the Ross Sea from 2017-2018, datep: 2019} index=0 > 
  at <Results2 results= [Object, Object, Object, Object, Object, Object, Object, Object, Object, Object, Object, Object, Object] loading=false > 
  at <BCol md="9" class="results" > 
  at <BRow> 
  at <BOverlay rounded="sm" show=false variant="white"  ... > 
  at <BContainer fluid="md" class="mt-3" textQuery="water"  ... > 
  at <Search2 textQuery="water" resourceType=undefined exact="false"  ... > 
  at <RouterView> 
  at <App> @ http://localhost:5174/node_modules/.vite/deps/chunk-77GDWHOT.js?v=79eaa276:2209
[ 4995747ms] [LOG] [vite] server connection lost. Polling for restart... @ http://localhost:5174/@vite/client:864
[ 4996238ms] [WARNING] [Vue warn]: (deprecation GLOBAL_EXTEND) Vue.extend() has been removed in Vue 3. Use defineComponent() instead.
  Details: https://vuejs.org/api/general.html#definecomponent @ http://localhost:5174/node_modules/.vite/deps/chunk-77GDWHOT.js?v=79eaa276:2209
[ 4996253ms] [WARNING] [Vue warn]: (deprecation GLOBAL_MOUNT) The global app bootstrapping API has changed: vm.$mount() and the "el" option have been removed. Use createApp(RootComponent).mount() instead.
  Details: https://v3-migration.vuejs.org/breaking-changes/global-api.html#mounting-app-instance @ http://localhost:5174/node_modules/.vite/deps/chunk-77GDWHOT.js?v=79eaa276:2209
[ 4996253ms] [WARNING] [Vue warn]: (deprecation WATCH_ARRAY) "watch" option or vm.$watch on an array value will no longer trigger on array mutation unless the "deep" option is specified. If current usage is intended, you can disable the compat behavior and suppress this warning with:

  configureCompat({ WATCH_ARRAY: false })

  Details: https://v3-migration.vuejs.org/breaking-changes/watch.html @ http://localhost:5174/node_modules/.vite/deps/chunk-77GDWHOT.js?v=79eaa276:2209
[ 4996268ms] [WARNING] [BootstrapVue warn]: Multiple instances of Vue detected!
You may need to set up an alias for Vue in your bundler config.
See: https://bootstrap-vue.org/docs#using-module-bundlers @ http://localhost:5174/node_modules/.vite/deps/bootstrap-vue.js?v=79eaa276:730
[ 4996269ms] [WARNING] [Vue warn]: (deprecation GLOBAL_PROTOTYPE) Vue.prototype is no longer available in Vue 3. Use app.config.globalProperties instead.
  Details: https://v3-migration.vuejs.org/breaking-changes/global-api.html#vue-prototype-replaced-by-config-globalproperties @ http://localhost:5174/node_modules/.vite/deps/chunk-77GDWHOT.js?v=79eaa276:2209
[ 4996269ms] [WARNING] [Vue warn]: Component "BFormRow" has already been registered in target app. @ http://localhost:5174/node_modules/.vite/deps/chunk-77GDWHOT.js?v=79eaa276:2209
[ 4996269ms] [WARNING] [Vue warn]: Plugin has already been applied to target app. @ http://localhost:5174/node_modules/.vite/deps/chunk-77GDWHOT.js?v=79eaa276:2209
[ 4996269ms] [WARNING] [Vue warn]: Plugin has already been applied to target app. @ http://localhost:5174/node_modules/.vite/deps/chunk-77GDWHOT.js?v=79eaa276:2209
[ 4996269ms] [WARNING] [Vue warn]: Plugin has already been applied to target app. @ http://localhost:5174/node_modules/.vite/deps/chunk-77GDWHOT.js?v=79eaa276:2209
[ 4996269ms] [WARNING] [Vue warn]: Plugin has already been applied to target app. @ http://localhost:5174/node_modules/.vite/deps/chunk-77GDWHOT.js?v=79eaa276:2209
[ 4996269ms] [WARNING] [Vue warn]: Plugin has already been applied to target app. @ http://localhost:5174/node_modules/.vite/deps/chunk-77GDWHOT.js?v=79eaa276:2209
[ 4996269ms] [WARNING] [Vue warn]: Directive "BModal" has already been registered in target app. @ http://localhost:5174/node_modules/.vite/deps/chunk-77GDWHOT.js?v=79eaa276:2209
[ 4996269ms] [WARNING] [Vue warn]: Plugin has already been applied to target app. @ http://localhost:5174/node_modules/.vite/deps/chunk-77GDWHOT.js?v=79eaa276:2209
[ 4996269ms] [WARNING] [Vue warn]: Plugin has already been applied to target app. @ http://localhost:5174/node_modules/.vite/deps/chunk-77GDWHOT.js?v=79eaa276:2209
[ 4996269ms] [WARNING] [Vue warn]: Plugin has already been applied to target app. @ http://localhost:5174/node_modules/.vite/deps/chunk-77GDWHOT.js?v=79eaa276:2209
[ 4996271ms] [WARNING] [Vue warn]: (deprecation CONFIG_DEVTOOLS) config.devtools has been removed. To enable devtools for production, configure the __VUE_PROD_DEVTOOLS__ compile-time flag.
  Details: https://github.com/vuejs/core/tree/main/packages/vue#bundler-build-feature-flags @ http://localhost:5174/node_modules/.vite/deps/chunk-77GDWHOT.js?v=79eaa276:2209
[ 4996295ms] [LOG] Trying to fetch tenant data @ http://localhost:5174/src/state.js:262
[ 4996297ms] [LOG] {tenant: Array(9)} @ http://localhost:5174/src/state.js:266
[ 4996299ms] [WARNING] [Vue warn]: (deprecation RENDER_FUNCTION) Vue 3's render function API has changed. You can opt-in to the new API with:

  configureCompat({ RENDER_FUNCTION: false })

  (This can also be done per-component via the "compatConfig" option.)
  Details: https://v3-migration.vuejs.org/breaking-changes/render-function-api.html 
  at <BNavbar toggleable="lg" type="dark" variant="primary"  ... > 
  at <NavHeader> 
  at <App> @ http://localhost:5174/node_modules/.vite/deps/chunk-77GDWHOT.js?v=79eaa276:2209
[ 4996299ms] [WARNING] [Vue warn]: (deprecation INSTANCE_SCOPED_SLOTS) vm.$scopedSlots has been removed. Use vm.$slots instead.
  Details: https://v3-migration.vuejs.org/breaking-changes/slots-unification.html 
  at <BNavbar toggleable="lg" type="dark" variant="primary"  ... > 
  at <NavHeader> 
  at <App> @ http://localhost:5174/node_modules/.vite/deps/chunk-77GDWHOT.js?v=79eaa276:2209
[ 4996299ms] [WARNING] [Vue warn]: (deprecation COMPONENT_FUNCTIONAL) Functional component <BContainer> should be defined as a plain function in Vue 3. The "functional" option has been removed. NOTE: Before migrating to use plain functions for functional components, first make sure that all async components usage have been migrated and its compat behavior has been disabled.
  Details: https://v3-migration.vuejs.org/breaking-changes/functional-components.html 
  at <BNavbar toggleable="lg" type="dark" variant="primary"  ... > 
  at <NavHeader> 
  at <App> @ http://localhost:5174/node_modules/.vite/deps/chunk-77GDWHOT.js?v=79eaa276:2209
[ 4996299ms] [WARNING] [Vue warn]: (deprecation INSTANCE_LISTENERS) vm.$listeners has been removed. In Vue 3, parent v-on listeners are included in vm.$attrs and it is no longer necessary to separately use v-on="$listeners" if you are already using v-bind="$attrs". (Note: the Vue 3 behavior only applies if this compat config is disabled)
  Details: https://v3-migration.vuejs.org/breaking-changes/listeners-removed.html 
  at <BContainer fluid="md" > 
  at <BNavbar toggleable="lg" type="dark" variant="primary"  ... > 
  at <NavHeader> 
  at <App> @ http://localhost:5174/node_modules/.vite/deps/chunk-77GDWHOT.js?v=79eaa276:2209
[ 4996300ms] [WARNING] [Vue warn]: (deprecation INSTANCE_LISTENERS) (2) 
  at <BNavbarNav class="d-lg-none" > 
  at <BContainer fluid="md" > 
  at <BNavbar toggleable="lg" type="dark" variant="primary"  ... > 
  at <NavHeader> 
  at <App> @ http://localhost:5174/node_modules/.vite/deps/chunk-77GDWHOT.js?v=79eaa276:2209
[ 4996300ms] [WARNING] [Vue warn]: (deprecation INSTANCE_LISTENERS) (3) 
  at <BNavItem class="mr-2" onClick=fn > 
  at <BNavbarNav class="d-lg-none" > 
  at <BContainer fluid="md" > 
  at <BNavbar toggleable="lg" type="dark" variant="primary"  ... > 
  at <NavHeader> 
  at <App> @ http://localhost:5174/node_modules/.vite/deps/chunk-77GDWHOT.js?v=79eaa276:2209
[ 4996301ms] [WARNING] [Vue warn]: (deprecation RENDER_FUNCTION) (2) 
  at <BLink class="nav-link" onClick=fn active=false  ... > 
  at <BNavItem class="mr-2" onClick=fn > 
  at <BNavbarNav class="d-lg-none" > 
  at <BContainer fluid="md" > 
  at <BNavbar toggleable="lg" type="dark" variant="primary"  ... > 
  at <NavHeader> 
  at <App> @ http://localhost:5174/node_modules/.vite/deps/chunk-77GDWHOT.js?v=79eaa276:2209
[ 4996301ms] [WARNING] [Vue warn]: (deprecation OPTIONS_DATA_MERGE) Detected conflicting key "bvListeners" when merging data option values. In Vue 3, data keys are merged shallowly and will override one another.
  Details: https://v3-migration.vuejs.org/breaking-changes/data-option.html#mixin-merge-behavior-change 
  at <BLink class="nav-link" onClick=fn active=false  ... > 
  at <BNavItem class="mr-2" onClick=fn > 
  at <BNavbarNav class="d-lg-none" > 
  at <BContainer fluid="md" > 
  at <BNavbar toggleable="lg" type="dark" variant="primary"  ... > 
  at <NavHeader> 
  at <App> @ http://localhost:5174/node_modules/.vite/deps/chunk-77GDWHOT.js?v=79eaa276:2209
[ 4996301ms] [WARNING] [Vue warn]: (deprecation INSTANCE_LISTENERS) (4) 
  at <BLink class="nav-link" onClick=fn active=false  ... > 
  at <BNavItem class="mr-2" onClick=fn > 
  at <BNavbarNav class="d-lg-none" > 
  at <BContainer fluid="md" > 
  at <BNavbar toggleable="lg" type="dark" variant="primary"  ... > 
  at <NavHeader> 
  at <App> @ http://localhost:5174/node_modules/.vite/deps/chunk-77GDWHOT.js?v=79eaa276:2209
[ 4996301ms] [WARNING] [Vue warn]: (deprecation OPTIONS_BEFORE_DESTROY) `beforeDestroy` has been renamed to `beforeUnmount`. 
  at <BLink class="nav-link" onClick=fn active=false  ... > 
  at <BNavItem class="mr-2" onClick=fn > 
  at <BNavbarNav class="d-lg-none" > 
  at <BContainer fluid="md" > 
  at <BNavbar toggleable="lg" type="dark" variant="primary"  ... > 
  at <NavHeader> 
  at <App> @ http://localhost:5174/node_modules/.vite/deps/chunk-77GDWHOT.js?v=79eaa276:2209
[ 4996302ms] [WARNING] [Vue warn]: (deprecation INSTANCE_SCOPED_SLOTS) (2) 
  at <BLink class="nav-link" onClick=fn active=false  ... > 
  at <BNavItem class="mr-2" onClick=fn > 
  at <BNavbarNav class="d-lg-none" > 
  at <BContainer fluid="md" > 
  at <BNavbar toggleable="lg" type="dark" variant="primary"  ... > 
  at <NavHeader> 
  at <App> @ http://localhost:5174/node_modules/.vite/deps/chunk-77GDWHOT.js?v=79eaa276:2209
[ 4996302ms] [WARNING] [Vue warn]: (deprecation INSTANCE_ATTRS_CLASS_STYLE) Component <BLink> has `inheritAttrs: false` but is relying on class/style fallthrough from parent. In Vue 3, class/style are now included in $attrs and will no longer fallthrough when inheritAttrs is false. If you are already using v-bind="$attrs" on component root it should render the same end result. If you are binding $attrs to a non-root element and expecting class/style to fallthrough on root, you will need to now manually bind them on root via :class="$attrs.class".
  Details: https://v3-migration.vuejs.org/breaking-changes/attrs-includes-class-style.html 
  at <BLink class="nav-link" onClick=fn active=false  ... > 
  at <BNavItem class="mr-2" onClick=fn > 
  at <BNavbarNav class="d-lg-none" > 
  at <BContainer fluid="md" > 
  at <BNavbar toggleable="lg" type="dark" variant="primary"  ... > 
  at <NavHeader> 
  at <App> @ http://localhost:5174/node_modules/.vite/deps/chunk-77GDWHOT.js?v=79eaa276:2209
[ 4996302ms] [WARNING] [Vue warn]: (deprecation INSTANCE_LISTENERS) (5) 
  at <BButton variant="outline-primary" > 
  at <BLink class="nav-link" onClick=fn active=false  ... > 
  at <BNavItem class="mr-2" onClick=fn > 
  at <BNavbarNav class="d-lg-none" > 
  at <BContainer fluid="md" > 
  at <BNavbar toggleable="lg" type="dark" variant="primary"  ... > 
  at <NavHeader> 
  at <App> @ http://localhost:5174/node_modules/.vite/deps/chunk-77GDWHOT.js?v=79eaa276:2209
[ 4996302ms] [WARNING] [Vue warn]: (deprecation INSTANCE_LISTENERS) (6) 
  at <BIcon icon="arrow-left" > 
  at <BButton variant="outline-primary" > 
  at <BLink class="nav-link" onClick=fn active=false  ... > 
  at <BNavItem class="mr-2" onClick=fn > 
  at <BNavbarNav class="d-lg-none" > 
  at <BContainer fluid="md" > 
  at <BNavbar toggleable="lg" type="dark" variant="primary"  ... > 
  at <NavHeader> 
  at <App> @ http://localhost:5174/node_modules/.vite/deps/chunk-77GDWHOT.js?v=79eaa276:2209
[ 4996303ms] [WARNING] [Vue warn]: (deprecation COMPONENT_FUNCTIONAL) (2) 
  at <BIcon icon="arrow-left" > 
  at <BButton variant="outline-primary" > 
  at <BLink class="nav-link" onClick=fn active=false  ... > 
  at <BNavItem class="mr-2" onClick=fn > 
  at <BNavbarNav class="d-lg-none" > 
  at <BContainer fluid="md" > 
  at <BNavbar toggleable="lg" type="dark" variant="primary"  ... > 
  at <NavHeader> 
  at <App> @ http://localhost:5174/node_modules/.vite/deps/chunk-77GDWHOT.js?v=79eaa276:2209
[ 4996303ms] [WARNING] [Vue warn]: (deprecation INSTANCE_LISTENERS) (7) 
  at <BIconBlank icon="arrow-left" animation=undefined flipH=false  ... > 
  at <BIcon icon="arrow-left" > 
  at <BButton variant="outline-primary" > 
  at <BLink class="nav-link" onClick=fn active=false  ... > 
  at <BNavItem class="mr-2" onClick=fn > 
  at <BNavbarNav class="d-lg-none" > 
  at <BContainer fluid="md" > 
  at <BNavbar toggleable="lg" type="dark" variant="primary"  ... > 
  at <NavHeader> 
  at <App> @ http://localhost:5174/node_modules/.vite/deps/chunk-77GDWHOT.js?v=79eaa276:2209
[ 4996303ms] [WARNING] [Vue warn]: (deprecation COMPONENT_FUNCTIONAL) (3) 
  at <BIconBlank icon="arrow-left" animation=undefined flipH=false  ... > 
  at <BIcon icon="arrow-left" > 
  at <BButton variant="outline-primary" > 
  at <BLink class="nav-link" onClick=fn active=false  ... > 
  at <BNavItem class="mr-2" onClick=fn > 
  at <BNavbarNav class="d-lg-none" > 
  at <BContainer fluid="md" > 
  at <BNavbar toggleable="lg" type="dark" variant="primary"  ... > 
  at <NavHeader> 
  at <App> @ http://localhost:5174/node_modules/.vite/deps/chunk-77GDWHOT.js?v=79eaa276:2209
[ 4996303ms] [WARNING] [Vue warn]: (deprecation INSTANCE_LISTENERS) (8) 
  at <BIconBase aria-label="blank" icon="arrow-left" title=undefined  ... > 
  at <BIconBlank icon="arrow-left" animation=undefined flipH=false  ... > 
  at <BIcon icon="arrow-left" > 
  at <BButton variant="outline-primary" > 
  at <BLink class="nav-link" onClick=fn active=false  ... > 
  at <BNavItem class="mr-2" onClick=fn > 
  at <BNavbarNav class="d-lg-none" > 
  at <BContainer fluid="md" > 
  at <BNavbar toggleable="lg" type="dark" variant="primary"  ... > 
  at <NavHeader> 
  at <App> @ http://localhost:5174/node_modules/.vite/deps/chunk-77GDWHOT.js?v=79eaa276:2209
[ 4996304ms] [WARNING] [Vue warn]: (deprecation INSTANCE_LISTENERS) (9) 
  at <BNavbarBrand href="https://www.earthcube.org/geocodes" target="_blank" class="mr-0" > 
  at <BContainer fluid="md" > 
  at <BNavbar toggleable="lg" type="dark" variant="primary"  ... > 
  at <NavHeader> 
  at <App> @ http://localhost:5174/node_modules/.vite/deps/chunk-77GDWHOT.js?v=79eaa276:2209
[ 4996306ms] [WARNING] [Vue warn]: (deprecation RENDER_FUNCTION) (3) 
  at <BNavbarToggle target="nav-collapse" > 
  at <BContainer fluid="md" > 
  at <BNavbar toggleable="lg" type="dark" variant="primary"  ... > 
  at <NavHeader> 
  at <App> @ http://localhost:5174/node_modules/.vite/deps/chunk-77GDWHOT.js?v=79eaa276:2209
[ 4996306ms] [WARNING] [Vue warn]: (deprecation INSTANCE_EVENT_EMITTER) vm.$on/$once/$off() have been removed. Use an external event emitter library instead.
  Details: https://v3-migration.vuejs.org/breaking-changes/events-api.html 
  at <BNavbarToggle target="nav-collapse" > 
  at <BContainer fluid="md" > 
  at <BNavbar toggleable="lg" type="dark" variant="primary"  ... > 
  at <NavHeader> 
  at <App> @ http://localhost:5174/node_modules/.vite/deps/chunk-77GDWHOT.js?v=79eaa276:2209
[ 4996306ms] [WARNING] [Vue warn]: (deprecation OPTIONS_BEFORE_DESTROY) (2) 
  at <BNavbarToggle target="nav-collapse" > 
  at <BContainer fluid="md" > 
  at <BNavbar toggleable="lg" type="dark" variant="primary"  ... > 
  at <NavHeader> 
  at <App> @ http://localhost:5174/node_modules/.vite/deps/chunk-77GDWHOT.js?v=79eaa276:2209
[ 4996306ms] [WARNING] [Vue warn]: (deprecation INSTANCE_SCOPED_SLOTS) (3) 
  at <BNavbarToggle target="nav-collapse" > 
  at <BContainer fluid="md" > 
  at <BNavbar toggleable="lg" type="dark" variant="primary"  ... > 
  at <NavHeader> 
  at <App> @ http://localhost:5174/node_modules/.vite/deps/chunk-77GDWHOT.js?v=79eaa276:2209
[ 4996306ms] [WARNING] [Vue warn]: (deprecation CUSTOM_DIR) Custom directive hook "bind" has been removed. Use "beforeMount" instead.
  Details: https://v3-migration.vuejs.org/breaking-changes/custom-directives.html 
  at <BNavbarToggle target="nav-collapse" > 
  at <BContainer fluid="md" > 
  at <BNavbar toggleable="lg" type="dark" variant="primary"  ... > 
  at <NavHeader> 
  at <App> @ http://localhost:5174/node_modules/.vite/deps/chunk-77GDWHOT.js?v=79eaa276:2209
[ 4996307ms] [WARNING] [Vue warn]: (deprecation RENDER_FUNCTION) (4) 
  at <BCollapse id="nav-collapse" is-nav="" > 
  at <BContainer fluid="md" > 
  at <BNavbar toggleable="lg" type="dark" variant="primary"  ... > 
  at <NavHeader> 
  at <App> @ http://localhost:5174/node_modules/.vite/deps/chunk-77GDWHOT.js?v=79eaa276:2209
[ 4996307ms] [WARNING] [Vue warn]: (deprecation OPTIONS_BEFORE_DESTROY) (3) 
  at <BCollapse id="nav-collapse" is-nav="" > 
  at <BContainer fluid="md" > 
  at <BNavbar toggleable="lg" type="dark" variant="primary"  ... > 
  at <NavHeader> 
  at <App> @ http://localhost:5174/node_modules/.vite/deps/chunk-77GDWHOT.js?v=79eaa276:2209
[ 4996307ms] [WARNING] [Vue warn]: (deprecation INSTANCE_SCOPED_SLOTS) (4) 
  at <BCollapse id="nav-collapse" is-nav="" > 
  at <BContainer fluid="md" > 
  at <BNavbar toggleable="lg" type="dark" variant="primary"  ... > 
  at <NavHeader> 
  at <App> @ http://localhost:5174/node_modules/.vite/deps/chunk-77GDWHOT.js?v=79eaa276:2209
[ 4996307ms] [WARNING] [Vue warn]: (deprecation COMPONENT_FUNCTIONAL) (4) 
  at <BCollapse id="nav-collapse" is-nav="" > 
  at <BContainer fluid="md" > 
  at <BNavbar toggleable="lg" type="dark" variant="primary"  ... > 
  at <NavHeader> 
  at <App> @ http://localhost:5174/node_modules/.vite/deps/chunk-77GDWHOT.js?v=79eaa276:2209
[ 4996307ms] [WARNING] [Vue warn]: (deprecation INSTANCE_LISTENERS) (10) 
  at <BVCollapse onEnter=fn<bound onEnter3> onAfterEnter=fn<bound onAfterEnter3> onLeave=fn<bound onLeave3>  ... > 
  at <BCollapse id="nav-collapse" is-nav="" > 
  at <BContainer fluid="md" > 
  at <BNavbar toggleable="lg" type="dark" variant="primary"  ... > 
  at <NavHeader> 
  at <App> @ http://localhost:5174/node_modules/.vite/deps/chunk-77GDWHOT.js?v=79eaa276:2209
[ 4996308ms] [WARNING] [Vue warn]: (deprecation INSTANCE_LISTENERS) (11) 
  at <BNavForm onSubmit=fn > 
  at <BNavbarNav class="ml-auto menu_nav" > 
  at <BaseTransition onEnter=fn onAfterEnter= [, ] onLeave=fn<onLeave>  ... > 
  at <Transition onEnter= [, ] onAfterEnter= [, ] onLeave= [, ]  ... > 
  at <BVCollapse onEnter=fn<bound onEnter3> onAfterEnter=fn<bound onAfterEnter3> onLeave=fn<bound onLeave3>  ... > 
  at <BCollapse id="nav-collapse" is-nav="" > 
  at <BContainer fluid="md" > 
  at <BNavbar toggleable="lg" type="dark" variant="primary"  ... > 
  at <NavHeader> 
  at <App> @ http://localhost:5174/node_modules/.vite/deps/chunk-77GDWHOT.js?v=79eaa276:2209
[ 4996309ms] [WARNING] [Vue warn]: (deprecation COMPONENT_FUNCTIONAL) (5) 
  at <BNavForm onSubmit=fn > 
  at <BNavbarNav class="ml-auto menu_nav" > 
  at <BaseTransition onEnter=fn onAfterEnter= [, ] onLeave=fn<onLeave>  ... > 
  at <Transition onEnter= [, ] onAfterEnter= [, ] onLeave= [, ]  ... > 
  at <BVCollapse onEnter=fn<bound onEnter3> onAfterEnter=fn<bound onAfterEnter3> onLeave=fn<bound onLeave3>  ... > 
  at <BCollapse id="nav-collapse" is-nav="" > 
  at <BContainer fluid="md" > 
  at <BNavbar toggleable="lg" type="dark" variant="primary"  ... > 
  at <NavHeader> 
  at <App> @ http://localhost:5174/node_modules/.vite/deps/chunk-77GDWHOT.js?v=79eaa276:2209
[ 4996309ms] [WARNING] [Vue warn]: (deprecation INSTANCE_LISTENERS) (12) 
  at <BForm class=undefined onSubmit=fn id=undefined  ... > 
  at <BNavForm onSubmit=fn > 
  at <BNavbarNav class="ml-auto menu_nav" > 
  at <BaseTransition onEnter=fn onAfterEnter= [, ] onLeave=fn<onLeave>  ... > 
  at <Transition onEnter= [, ] onAfterEnter= [, ] onLeave= [, ]  ... > 
  at <BVCollapse onEnter=fn<bound onEnter3> onAfterEnter=fn<bound onAfterEnter3> onLeave=fn<bound onLeave3>  ... > 
  at <BCollapse id="nav-collapse" is-nav="" > 
  at <BContainer fluid="md" > 
  at <BNavbar toggleable="lg" type="dark" variant="primary"  ... > 
  at <NavHeader> 
  at <App> @ http://localhost:5174/node_modules/.vite/deps/chunk-77GDWHOT.js?v=79eaa276:2209
[ 4996309ms] [WARNING] [Vue warn]: (deprecation INSTANCE_LISTENERS) (13) 
  at <BInputGroup size="sm" > 
  at <BForm class=undefined onSubmit=fn id=undefined  ... > 
  at <BNavForm onSubmit=fn > 
  at <BNavbarNav class="ml-auto menu_nav" > 
  at <BaseTransition onEnter=fn onAfterEnter= [, ] onLeave=fn<onLeave>  ... > 
  at <Transition onEnter= [, ] onAfterEnter= [, ] onLeave= [, ]  ... > 
  at <BVCollapse onEnter=fn<bound onEnter3> onAfterEnter=fn<bound onAfterEnter3> onLeave=fn<bound onLeave3>  ... > 
  at <BCollapse id="nav-collapse" is-nav="" > 
  at <BContainer fluid="md" > 
  at <BNavbar toggleable="lg" type="dark" variant="primary"  ... > 
  at <NavHeader> 
  at <App> @ http://localhost:5174/node_modules/.vite/deps/chunk-77GDWHOT.js?v=79eaa276:2209
[ 4996310ms] [WARNING] [Vue warn]: (deprecation COMPONENT_V_MODEL) v-model usage on component has changed in Vue 3. Component that expects to work with v-model should now use the "modelValue" prop and emit the "update:modelValue" event. You can update the usage and then opt-in to Vue 3 behavior on a per-component basis with `compatConfig: { COMPONENT_V_MODEL: false }`.
  Details: https://v3-migration.vuejs.org/breaking-changes/v-model.html 
  at <BFormInput modelValue="" onUpdate:modelValue=fn type="search"  ... > @ http://localhost:5174/node_modules/.vite/deps/chunk-77GDWHOT.js?v=79eaa276:2209
[ 4996310ms] [WARNING] [Vue warn]: (deprecation RENDER_FUNCTION) (5) 
  at <BFormInput type="search" placeholder="Search" onKeydown=fn  ... > 
  at <BInputGroup size="sm" > 
  at <BForm class=undefined onSubmit=fn id=undefined  ... > 
  at <BNavForm onSubmit=fn > 
  at <BNavbarNav class="ml-auto menu_nav" > 
  at <BaseTransition onEnter=fn onAfterEnter= [, ] onLeave=fn<onLeave>  ... > 
  at <Transition onEnter= [, ] onAfterEnter= [, ] onLeave= [, ]  ... > 
  at <BVCollapse onEnter=fn<bound onEnter3> onAfterEnter=fn<bound onAfterEnter3> onLeave=fn<bound onLeave3>  ... > 
  at <BCollapse id="nav-collapse" is-nav="" > 
  at <BContainer fluid="md" > 
  at <BNavbar toggleable="lg" type="dark" variant="primary"  ... > 
  at <NavHeader> 
  at <App> @ http://localhost:5174/node_modules/.vite/deps/chunk-77GDWHOT.js?v=79eaa276:2209
[ 4996311ms] [WARNING] [Vue warn]: (deprecation OPTIONS_DATA_MERGE) (2) 
  at <BFormInput type="search" placeholder="Search" onKeydown=fn  ... > 
  at <BInputGroup size="sm" > 
  at <BForm class=undefined onSubmit=fn id=undefined  ... > 
  at <BNavForm onSubmit=fn > 
  at <BNavbarNav class="ml-auto menu_nav" > 
  at <BaseTransition onEnter=fn onAfterEnter= [, ] onLeave=fn<onLeave>  ... > 
  at <Transition onEnter= [, ] onAfterEnter= [, ] onLeave= [, ]  ... > 
  at <BVCollapse onEnter=fn<bound onEnter3> onAfterEnter=fn<bound onAfterEnter3> onLeave=fn<bound onLeave3>  ... > 
  at <BCollapse id="nav-collapse" is-nav="" > 
  at <BContainer fluid="md" > 
  at <BNavbar toggleable="lg" type="dark" variant="primary"  ... > 
  at <NavHeader> 
  at <App> @ http://localhost:5174/node_modules/.vite/deps/chunk-77GDWHOT.js?v=79eaa276:2209
[ 4996311ms] [WARNING] [Vue warn]: (deprecation INSTANCE_LISTENERS) (14) 
  at <BFormInput type="search" placeholder="Search" onKeydown=fn  ... > 
  at <BInputGroup size="sm" > 
  at <BForm class=undefined onSubmit=fn id=undefined  ... > 
  at <BNavForm onSubmit=fn > 
  at <BNavbarNav class="ml-auto menu_nav" > 
  at <BaseTransition onEnter=fn onAfterEnter= [, ] onLeave=fn<onLeave>  ... > 
  at <Transition onEnter= [, ] onAfterEnter= [, ] onLeave= [, ]  ... > 
  at <BVCollapse onEnter=fn<bound onEnter3> onAfterEnter=fn<bound onAfterEnter3> onLeave=fn<bound onLeave3>  ... > 
  at <BCollapse id="nav-collapse" is-nav="" > 
  at <BContainer fluid="md" > 
  at <BNavbar toggleable="lg" type="dark" variant="primary"  ... > 
  at <NavHeader> 
  at <App> @ http://localhost:5174/node_modules/.vite/deps/chunk-77GDWHOT.js?v=79eaa276:2209
[ 4996312ms] [WARNING] [Vue warn]: (deprecation OPTIONS_BEFORE_DESTROY) (4) 
  at <BFormInput type="search" placeholder="Search" onKeydown=fn  ... > 
  at <BInputGroup size="sm" > 
  at <BForm class=undefined onSubmit=fn id=undefined  ... > 
  at <BNavForm onSubmit=fn > 
  at <BNavbarNav class="ml-auto menu_nav" > 
  at <BaseTransition onEnter=fn onAfterEnter= [, ] onLeave=fn<onLeave>  ... > 
  at <Transition onEnter= [, ] onAfterEnter= [, ] onLeave= [, ]  ... > 
  at <BVCollapse onEnter=fn<bound onEnter3> onAfterEnter=fn<bound onAfterEnter3> onLeave=fn<bound onLeave3>  ... > 
  at <BCollapse id="nav-collapse" is-nav="" > 
  at <BContainer fluid="md" > 
  at <BNavbar toggleable="lg" type="dark" variant="primary"  ... > 
  at <NavHeader> 
  at <App> @ http://localhost:5174/node_modules/.vite/deps/chunk-77GDWHOT.js?v=79eaa276:2209
[ 4996312ms] [WARNING] [Vue warn]: (deprecation ATTR_FALSE_VALUE) Attribute "aria-invalid" with v-bind value `false` will render aria-invalid="false" instead of removing it in Vue 3. To remove the attribute, use `null` or `undefined` instead. If the usage is intended, you can disable the compat behavior and suppress this warning with:

  configureCompat({ ATTR_FALSE_VALUE: false })

  Details: https://v3-migration.vuejs.org/breaking-changes/attribute-coercion.html 
  at <BFormInput type="search" placeholder="Search" onKeydown=fn  ... > 
  at <BInputGroup size="sm" > 
  at <BForm class=undefined onSubmit=fn id=undefined  ... > 
  at <BNavForm onSubmit=fn > 
  at <BNavbarNav class="ml-auto menu_nav" > 
  at <BaseTransition onEnter=fn onAfterEnter= [, ] onLeave=fn<onLeave>  ... > 
  at <Transition onEnter= [, ] onAfterEnter= [, ] onLeave= [, ]  ... > 
  at <BVCollapse onEnter=fn<bound onEnter3> onAfterEnter=fn<bound onAfterEnter3> onLeave=fn<bound onLeave3>  ... > 
  at <BCollapse id="nav-collapse" is-nav="" > 
  at <BContainer fluid="md" > 
  at <BNavbar toggleable="lg" type="dark" variant="primary"  ... > 
  at <NavHeader> 
  at <App> @ http://localhost:5174/node_modules/.vite/deps/chunk-77GDWHOT.js?v=79eaa276:2209
[ 4996313ms] [WARNING] [Vue warn]: (deprecation INSTANCE_LISTENERS) (15) 
  at <BInputGroupAppend> 
  at <BInputGroup size="sm" > 
  at <BForm class=undefined onSubmit=fn id=undefined  ... > 
  at <BNavForm onSubmit=fn > 
  at <BNavbarNav class="ml-auto menu_nav" > 
  at <BaseTransition onEnter=fn onAfterEnter= [, ] onLeave=fn<onLeave>  ... > 
  at <Transition onEnter= [, ] onAfterEnter= [, ] onLeave= [, ]  ... > 
  at <BVCollapse onEnter=fn<bound onEnter3> onAfterEnter=fn<bound onAfterEnter3> onLeave=fn<bound onLeave3>  ... > 
  at <BCollapse id="nav-collapse" is-nav="" > 
  at <BContainer fluid="md" > 
  at <BNavbar toggleable="lg" type="dark" variant="primary"  ... > 
  at <NavHeader> 
  at <App> @ http://localhost:5174/node_modules/.vite/deps/chunk-77GDWHOT.js?v=79eaa276:2209
[ 4996313ms] [WARNING] [Vue warn]: (deprecation COMPONENT_FUNCTIONAL) (6) 
  at <BInputGroupAppend> 
  at <BInputGroup size="sm" > 
  at <BForm class=undefined onSubmit=fn id=undefined  ... > 
  at <BNavForm onSubmit=fn > 
  at <BNavbarNav class="ml-auto menu_nav" > 
  at <BaseTransition onEnter=fn onAfterEnter= [, ] onLeave=fn<onLeave>  ... > 
  at <Transition onEnter= [, ] onAfterEnter= [, ] onLeave= [, ]  ... > 
  at <BVCollapse onEnter=fn<bound onEnter3> onAfterEnter=fn<bound onAfterEnter3> onLeave=fn<bound onLeave3>  ... > 
  at <BCollapse id="nav-collapse" is-nav="" > 
  at <BContainer fluid="md" > 
  at <BNavbar toggleable="lg" type="dark" variant="primary"  ... > 
  at <NavHeader> 
  at <App> @ http://localhost:5174/node_modules/.vite/deps/chunk-77GDWHOT.js?v=79eaa276:2209
[ 4996313ms] [WARNING] [Vue warn]: (deprecation INSTANCE_LISTENERS) (16) 
  at <BInputGroupAddon id=undefined isText=false tag="div"  ... > 
  at <BInputGroupAppend> 
  at <BInputGroup size="sm" > 
  at <BForm class=undefined onSubmit=fn id=undefined  ... > 
  at <BNavForm onSubmit=fn > 
  at <BNavbarNav class="ml-auto menu_nav" > 
  at <BaseTransition onEnter=fn onAfterEnter= [, ] onLeave=fn<onLeave>  ... > 
  at <Transition onEnter= [, ] onAfterEnter= [, ] onLeave= [, ]  ... > 
  at <BVCollapse onEnter=fn<bound onEnter3> onAfterEnter=fn<bound onAfterEnter3> onLeave=fn<bound onLeave3>  ... > 
  at <BCollapse id="nav-collapse" is-nav="" > 
  at <BContainer fluid="md" > 
  at <BNavbar toggleable="lg" type="dark" variant="primary"  ... > 
  at <NavHeader> 
  at <App> @ http://localhost:5174/node_modules/.vite/deps/chunk-77GDWHOT.js?v=79eaa276:2209
[ 4996315ms] [WARNING] [Vue warn]: (deprecation RENDER_FUNCTION) (6) 
  at <BDropdown text="SPARQL" variant="primary" > 
  at <BNavbarNav class="ml-auto menu_nav" > 
  at <BaseTransition onEnter=fn onAfterEnter= [, ] onLeave=fn<onLeave>  ... > 
  at <Transition onEnter= [, ] onAfterEnter= [, ] onLeave= [, ]  ... > 
  at <BVCollapse onEnter=fn<bound onEnter3> onAfterEnter=fn<bound onAfterEnter3> onLeave=fn<bound onLeave3>  ... > 
  at <BCollapse id="nav-collapse" is-nav="" > 
  at <BContainer fluid="md" > 
  at <BNavbar toggleable="lg" type="dark" variant="primary"  ... > 
  at <NavHeader> 
  at <App> @ http://localhost:5174/node_modules/.vite/deps/chunk-77GDWHOT.js?v=79eaa276:2209
[ 4996315ms] [WARNING] [Vue warn]: (deprecation OPTIONS_BEFORE_DESTROY) (5) 
  at <BDropdown text="SPARQL" variant="primary" > 
  at <BNavbarNav class="ml-auto menu_nav" > 
  at <BaseTransition onEnter=fn onAfterEnter= [, ] onLeave=fn<onLeave>  ... > 
  at <Transition onEnter= [, ] onAfterEnter= [, ] onLeave= [, ]  ... > 
  at <BVCollapse onEnter=fn<bound onEnter3> onAfterEnter=fn<bound onAfterEnter3> onLeave=fn<bound onLeave3>  ... > 
  at <BCollapse id="nav-collapse" is-nav="" > 
  at <BContainer fluid="md" > 
  at <BNavbar toggleable="lg" type="dark" variant="primary"  ... > 
  at <NavHeader> 
  at <App> @ http://localhost:5174/node_modules/.vite/deps/chunk-77GDWHOT.js?v=79eaa276:2209
[ 4996316ms] [WARNING] [Vue warn]: (deprecation INSTANCE_SCOPED_SLOTS) (5) 
  at <BDropdown text="SPARQL" variant="primary" > 
  at <BNavbarNav class="ml-auto menu_nav" > 
  at <BaseTransition onEnter=fn onAfterEnter= [, ] onLeave=fn<onLeave>  ... > 
  at <Transition onEnter= [, ] onAfterEnter= [, ] onLeave= [, ]  ... > 
  at <BVCollapse onEnter=fn<bound onEnter3> onAfterEnter=fn<bound onAfterEnter3> onLeave=fn<bound onLeave3>  ... > 
  at <BCollapse id="nav-collapse" is-nav="" > 
  at <BContainer fluid="md" > 
  at <BNavbar toggleable="lg" type="dark" variant="primary"  ... > 
  at <NavHeader> 
  at <App> @ http://localhost:5174/node_modules/.vite/deps/chunk-77GDWHOT.js?v=79eaa276:2209
[ 4996316ms] [WARNING] [Vue warn]: (deprecation COMPONENT_FUNCTIONAL) (7) 
  at <BDropdown text="SPARQL" variant="primary" > 
  at <BNavbarNav class="ml-auto menu_nav" > 
  at <BaseTransition onEnter=fn onAfterEnter= [, ] onLeave=fn<onLeave>  ... > 
  at <Transition onEnter= [, ] onAfterEnter= [, ] onLeave= [, ]  ... > 
  at <BVCollapse onEnter=fn<bound onEnter3> onAfterEnter=fn<bound onAfterEnter3> onLeave=fn<bound onLeave3>  ... > 
  at <BCollapse id="nav-collapse" is-nav="" > 
  at <BContainer fluid="md" > 
  at <BNavbar toggleable="lg" type="dark" variant="primary"  ... > 
  at <NavHeader> 
  at <App> @ http://localhost:5174/node_modules/.vite/deps/chunk-77GDWHOT.js?v=79eaa276:2209
[ 4996318ms] [WARNING] [Vue warn]: (deprecation RENDER_FUNCTION) (7) 
  at <BDropdownItem target="_blank" onClick=fn > 
  at <BDropdown text="SPARQL" variant="primary" > 
  at <BNavbarNav class="ml-auto menu_nav" > 
  at <BaseTransition onEnter=fn onAfterEnter= [, ] onLeave=fn<onLeave>  ... > 
  at <Transition onEnter= [, ] onAfterEnter= [, ] onLeave= [, ]  ... > 
  at <BVCollapse onEnter=fn<bound onEnter3> onAfterEnter=fn<bound onAfterEnter3> onLeave=fn<bound onLeave3>  ... > 
  at <BCollapse id="nav-collapse" is-nav="" > 
  at <BContainer fluid="md" > 
  at <BNavbar toggleable="lg" type="dark" variant="primary"  ... > 
  at <NavHeader> 
  at <App> @ http://localhost:5174/node_modules/.vite/deps/chunk-77GDWHOT.js?v=79eaa276:2209
[ 4996318ms] [WARNING] [Vue warn]: (deprecation INSTANCE_SCOPED_SLOTS) (6) 
  at <BDropdownItem target="_blank" onClick=fn > 
  at <BDropdown text="SPARQL" variant="primary" > 
  at <BNavbarNav class="ml-auto menu_nav" > 
  at <BaseTransition onEnter=fn onAfterEnter= [, ] onLeave=fn<onLeave>  ... > 
  at <Transition onEnter= [, ] onAfterEnter= [, ] onLeave= [, ]  ... > 
  at <BVCollapse onEnter=fn<bound onEnter3> onAfterEnter=fn<bound onAfterEnter3> onLeave=fn<bound onLeave3>  ... > 
  at <BCollapse id="nav-collapse" is-nav="" > 
  at <BContainer fluid="md" > 
  at <BNavbar toggleable="lg" type="dark" variant="primary"  ... > 
  at <NavHeader> 
  at <App> @ http://localhost:5174/node_modules/.vite/deps/chunk-77GDWHOT.js?v=79eaa276:2209
[ 4996320ms] [WARNING] [Vue warn]: (deprecation COMPONENT_FUNCTIONAL) (8) 
  at <Search2 textQuery="water" resourceType=undefined exact="false"  ... > 
  at <RouterView> 
  at <App> @ http://localhost:5174/node_modules/.vite/deps/chunk-77GDWHOT.js?v=79eaa276:2209
[ 4996320ms] [WARNING] [Vue warn]: (deprecation RENDER_FUNCTION) (8) 
  at <BOverlay rounded="sm" show=false variant="white"  ... > 
  at <BContainer fluid="md" class="mt-3" textQuery="water"  ... > 
  at <Search2 textQuery="water" resourceType=undefined exact="false"  ... > 
  at <RouterView> 
  at <App> @ http://localhost:5174/node_modules/.vite/deps/chunk-77GDWHOT.js?v=79eaa276:2209
[ 4996321ms] [WARNING] [Vue warn]: (deprecation COMPONENT_FUNCTIONAL) (9) 
  at <BOverlay rounded="sm" show=false variant="white"  ... > 
  at <BContainer fluid="md" class="mt-3" textQuery="water"  ... > 
  at <Search2 textQuery="water" resourceType=undefined exact="false"  ... > 
  at <RouterView> 
  at <App> @ http://localhost:5174/node_modules/.vite/deps/chunk-77GDWHOT.js?v=79eaa276:2209
[ 4996321ms] [WARNING] [Vue warn]: (deprecation INSTANCE_SCOPED_SLOTS) (7) 
  at <BOverlay rounded="sm" show=false variant="white"  ... > 
  at <BContainer fluid="md" class="mt-3" textQuery="water"  ... > 
  at <Search2 textQuery="water" resourceType=undefined exact="false"  ... > 
  at <RouterView> 
  at <App> @ http://localhost:5174/node_modules/.vite/deps/chunk-77GDWHOT.js?v=79eaa276:2209
[ 4996322ms] [WARNING] [Vue warn]: (deprecation COMPONENT_V_MODEL) (2) 
  at <BFormCheckbox modelValue=true onUpdate:modelValue=fn class="small" > @ http://localhost:5174/node_modules/.vite/deps/chunk-77GDWHOT.js?v=79eaa276:2209
[ 4996323ms] [WARNING] [Vue warn]: (deprecation RENDER_FUNCTION) (9) 
  at <BFormCheckbox class="small" checked=true onModelCompat:input=fn > 
  at <BCol md="3" class="sidebar" > 
  at <BRow> 
  at <BOverlay rounded="sm" show=false variant="white"  ... > 
  at <BContainer fluid="md" class="mt-3" textQuery="water"  ... > 
  at <Search2 textQuery="water" resourceType=undefined exact="false"  ... > 
  at <RouterView> 
  at <App> @ http://localhost:5174/node_modules/.vite/deps/chunk-77GDWHOT.js?v=79eaa276:2209
[ 4996323ms] [WARNING] [Vue warn]: (deprecation INSTANCE_SCOPED_SLOTS) (8) 
  at <BFormCheckbox class="small" checked=true onModelCompat:input=fn > 
  at <BCol md="3" class="sidebar" > 
  at <BRow> 
  at <BOverlay rounded="sm" show=false variant="white"  ... > 
  at <BContainer fluid="md" class="mt-3" textQuery="water"  ... > 
  at <Search2 textQuery="water" resourceType=undefined exact="false"  ... > 
  at <RouterView> 
  at <App> @ http://localhost:5174/node_modules/.vite/deps/chunk-77GDWHOT.js?v=79eaa276:2209
[ 4996324ms] [WARNING] [Vue warn]: (deprecation INSTANCE_ATTRS_CLASS_STYLE) Component <BFormCheckbox> has `inheritAttrs: false` but is relying on class/style fallthrough from parent. In Vue 3, class/style are now included in $attrs and will no longer fallthrough when inheritAttrs is false. If you are already using v-bind="$attrs" on component root it should render the same end result. If you are binding $attrs to a non-root element and expecting class/style to fallthrough on root, you will need to now manually bind them on root via :class="$attrs.class".
  Details: https://v3-migration.vuejs.org/breaking-changes/attrs-includes-class-style.html 
  at <BFormCheckbox class="small" checked=true onModelCompat:input=fn > 
  at <BCol md="3" class="sidebar" > 
  at <BRow> 
  at <BOverlay rounded="sm" show=false variant="white"  ... > 
  at <BContainer fluid="md" class="mt-3" textQuery="water"  ... > 
  at <Search2 textQuery="water" resourceType=undefined exact="false"  ... > 
  at <RouterView> 
  at <App> @ http://localhost:5174/node_modules/.vite/deps/chunk-77GDWHOT.js?v=79eaa276:2209
[ 4996328ms] [WARNING] [Vue warn]: (deprecation COMPONENT_FUNCTIONAL) (10) 
  at <BCollapse visible=true > 
  at <GeoBoundingBoxPicker2 facet-config= {field: spatialCoverage, title: Spatial Filter, sort: acs, open: true, type: geo} > 
  at <Facets2 facets= [Object, Object, Object, Object, Object, Object, Object, Object] > 
  at <BCol md="3" class="sidebar" > 
  at <BRow> 
  at <BOverlay rounded="sm" show=false variant="white"  ... > 
  at <BContainer fluid="md" class="mt-3" textQuery="water"  ... > 
  at <Search2 textQuery="water" resourceType=undefined exact="false"  ... > 
  at <RouterView> 
  at <App> @ http://localhost:5174/node_modules/.vite/deps/chunk-77GDWHOT.js?v=79eaa276:2209
[ 4996329ms] [WARNING] [Vue warn]: (deprecation COMPONENT_FUNCTIONAL) (11) 
  at <Feedback subject="Search" name="" urn="" > 
  at <BCol md="3" class="sidebar" > 
  at <BRow> 
  at <BOverlay rounded="sm" show=false variant="white"  ... > 
  at <BContainer fluid="md" class="mt-3" textQuery="water"  ... > 
  at <Search2 textQuery="water" resourceType=undefined exact="false"  ... > 
  at <RouterView> 
  at <App> @ http://localhost:5174/node_modules/.vite/deps/chunk-77GDWHOT.js?v=79eaa276:2209
[ 4996329ms] [WARNING] [Vue warn]: (deprecation RENDER_FUNCTION) (10) 
  at <BModal id="feedback-modal" ref="modal" size="lg"  ... > 
  at <Feedback subject="Search" name="" urn="" > 
  at <BCol md="3" class="sidebar" > 
  at <BRow> 
  at <BOverlay rounded="sm" show=false variant="white"  ... > 
  at <BContainer fluid="md" class="mt-3" textQuery="water"  ... > 
  at <Search2 textQuery="water" resourceType=undefined exact="false"  ... > 
  at <RouterView> 
  at <App> @ http://localhost:5174/node_modules/.vite/deps/chunk-77GDWHOT.js?v=79eaa276:2209
[ 4996330ms] [WARNING] [Vue warn]: (deprecation OPTIONS_BEFORE_DESTROY) (6) 
  at <BModal id="feedback-modal" ref="modal" size="lg"  ... > 
  at <Feedback subject="Search" name="" urn="" > 
  at <BCol md="3" class="sidebar" > 
  at <BRow> 
  at <BOverlay rounded="sm" show=false variant="white"  ... > 
  at <BContainer fluid="md" class="mt-3" textQuery="water"  ... > 
  at <Search2 textQuery="water" resourceType=undefined exact="false"  ... > 
  at <RouterView> 
  at <App> @ http://localhost:5174/node_modules/.vite/deps/chunk-77GDWHOT.js?v=79eaa276:2209
[ 4996330ms] [WARNING] [Vue warn]: (deprecation COMPONENT_V_MODEL) (3) 
  at <BFormSelect modelValue="score" onUpdate:modelValue=fn options= [Object, Object, Object, Object]  ... > @ http://localhost:5174/node_modules/.vite/deps/chunk-77GDWHOT.js?v=79eaa276:2209
[ 4996331ms] [WARNING] [Vue warn]: (deprecation RENDER_FUNCTION) (11) 
  at <BFormSelect options= [Object, Object, Object, Object] size="sm" class="sort-select"  ... > 
  at <ResultHeader2 current-count=0 total-count=0 filters= {}  ... > 
  at <BCol md="9" class="results" > 
  at <BRow> 
  at <BOverlay rounded="sm" show=false variant="white"  ... > 
  at <BContainer fluid="md" class="mt-3" textQuery="water"  ... > 
  at <Search2 textQuery="water" resourceType=undefined exact="false"  ... > 
  at <RouterView> 
  at <App> @ http://localhost:5174/node_modules/.vite/deps/chunk-77GDWHOT.js?v=79eaa276:2209
[ 4996331ms] [WARNING] [Vue warn]: (deprecation COMPONENT_FUNCTIONAL) (12) 
  at <BFormSelect options= [Object, Object, Object, Object] size="sm" class="sort-select"  ... > 
  at <ResultHeader2 current-count=0 total-count=0 filters= {}  ... > 
  at <BCol md="9" class="results" > 
  at <BRow> 
  at <BOverlay rounded="sm" show=false variant="white"  ... > 
  at <BContainer fluid="md" class="mt-3" textQuery="water"  ... > 
  at <Search2 textQuery="water" resourceType=undefined exact="false"  ... > 
  at <RouterView> 
  at <App> @ http://localhost:5174/node_modules/.vite/deps/chunk-77GDWHOT.js?v=79eaa276:2209
[ 4996331ms] [WARNING] [Vue warn]: (deprecation INSTANCE_SCOPED_SLOTS) (9) 
  at <BFormSelect options= [Object, Object, Object, Object] size="sm" class="sort-select"  ... > 
  at <ResultHeader2 current-count=0 total-count=0 filters= {}  ... > 
  at <BCol md="9" class="results" > 
  at <BRow> 
  at <BOverlay rounded="sm" show=false variant="white"  ... > 
  at <BContainer fluid="md" class="mt-3" textQuery="water"  ... > 
  at <Search2 textQuery="water" resourceType=undefined exact="false"  ... > 
  at <RouterView> 
  at <App> @ http://localhost:5174/node_modules/.vite/deps/chunk-77GDWHOT.js?v=79eaa276:2209
[ 4996332ms] [WARNING] [Vue warn]: (deprecation INSTANCE_LISTENERS) (17) 
  at <BFormSelectOption textContent="Name" key="option_0" value="name"  ... > 
  at <BFormSelect options= [Object, Object, Object, Object] size="sm" class="sort-select"  ... > 
  at <ResultHeader2 current-count=0 total-count=0 filters= {}  ... > 
  at <BCol md="9" class="results" > 
  at <BRow> 
  at <BOverlay rounded="sm" show=false variant="white"  ... > 
  at <BContainer fluid="md" class="mt-3" textQuery="water"  ... > 
  at <Search2 textQuery="water" resourceType=undefined exact="false"  ... > 
  at <RouterView> 
  at <App> @ http://localhost:5174/node_modules/.vite/deps/chunk-77GDWHOT.js?v=79eaa276:2209
[ 4996332ms] [WARNING] [Vue warn]: (deprecation ATTR_FALSE_VALUE) (2) 
  at <BFormSelect options= [Object, Object, Object, Object] size="sm" class="sort-select"  ... > 
  at <ResultHeader2 current-count=0 total-count=0 filters= {}  ... > 
  at <BCol md="9" class="results" > 
  at <BRow> 
  at <BOverlay rounded="sm" show=false variant="white"  ... > 
  at <BContainer fluid="md" class="mt-3" textQuery="water"  ... > 
  at <Search2 textQuery="water" resourceType=undefined exact="false"  ... > 
  at <RouterView> 
  at <App> @ http://localhost:5174/node_modules/.vite/deps/chunk-77GDWHOT.js?v=79eaa276:2209
[ 4996333ms] [WARNING] [Vue warn]: (deprecation INSTANCE_LISTENERS) (18) 
  at <BVTransition onAfter-enter=fn<afterEnter> onAfter-leave=fn<afterLeave> noFade=false  ... > 
  at <BOverlay rounded="sm" show=false variant="white"  ... > 
  at <BContainer fluid="md" class="mt-3" textQuery="water"  ... > 
  at <Search2 textQuery="water" resourceType=undefined exact="false"  ... > 
  at <RouterView> 
  at <App> @ http://localhost:5174/node_modules/.vite/deps/chunk-77GDWHOT.js?v=79eaa276:2209
[ 4996339ms] [WARNING] [Vue warn]: (deprecation CUSTOM_DIR) Custom directive hook "inserted" has been removed. Use "mounted" instead.
  Details: https://v3-migration.vuejs.org/breaking-changes/custom-directives.html @ http://localhost:5174/node_modules/.vite/deps/chunk-77GDWHOT.js?v=79eaa276:2209
[ 4996342ms] [WARNING] [Vue warn]: (deprecation ATTR_FALSE_VALUE) Attribute "checked" with v-bind value `false` will render checked="false" instead of removing it in Vue 3. To remove the attribute, use `null` or `undefined` instead. If the usage is intended, you can disable the compat behavior and suppress this warning with:

  configureCompat({ ATTR_FALSE_VALUE: false })

  Details: https://v3-migration.vuejs.org/breaking-changes/attribute-coercion.html 
  at <BFormCheckbox class="small" checked=false onModelCompat:input=fn > 
  at <BCol md="3" class="sidebar" > 
  at <BRow> 
  at <BOverlay rounded="sm" show=true variant="white"  ... > 
  at <BContainer fluid="md" class="mt-3" textQuery="water"  ... > 
  at <Search2 textQuery="water" resourceType=undefined exact="false"  ... > 
  at <RouterView> 
  at <App> @ http://localhost:5174/node_modules/.vite/deps/chunk-77GDWHOT.js?v=79eaa276:2209
[ 4996342ms] [WARNING] [Vue warn]: (deprecation COMPONENT_FUNCTIONAL) (13) 
  at <ResultHeader2 current-count=0 total-count=0 filters= {placenames: Proxy(Array)}  ... > 
  at <BCol md="9" class="results" > 
  at <BRow> 
  at <BOverlay rounded="sm" show=true variant="white"  ... > 
  at <BContainer fluid="md" class="mt-3" textQuery="water"  ... > 
  at <Search2 textQuery="water" resourceType=undefined exact="false"  ... > 
  at <RouterView> 
  at <App> @ http://localhost:5174/node_modules/.vite/deps/chunk-77GDWHOT.js?v=79eaa276:2209
[ 4996343ms] [WARNING] [Vue warn]: (deprecation INSTANCE_LISTENERS) (19) 
  at <BSpinner small="" class="me-2" > 
  at <ResultHeader2 current-count=0 total-count=0 filters= {placenames: Proxy(Array)}  ... > 
  at <BCol md="9" class="results" > 
  at <BRow> 
  at <BOverlay rounded="sm" show=true variant="white"  ... > 
  at <BContainer fluid="md" class="mt-3" textQuery="water"  ... > 
  at <Search2 textQuery="water" resourceType=undefined exact="false"  ... > 
  at <RouterView> 
  at <App> @ http://localhost:5174/node_modules/.vite/deps/chunk-77GDWHOT.js?v=79eaa276:2209
[ 4996343ms] [WARNING] [Vue warn]: (deprecation INSTANCE_LISTENERS) (20) 
  at <BBadge variant="secondary" class="me-1" > 
  at <ResultHeader2 current-count=0 total-count=0 filters= {placenames: Proxy(Array)}  ... > 
  at <BCol md="9" class="results" > 
  at <BRow> 
  at <BOverlay rounded="sm" show=true variant="white"  ... > 
  at <BContainer fluid="md" class="mt-3" textQuery="water"  ... > 
  at <Search2 textQuery="water" resourceType=undefined exact="false"  ... > 
  at <RouterView> 
  at <App> @ http://localhost:5174/node_modules/.vite/deps/chunk-77GDWHOT.js?v=79eaa276:2209
[ 4996343ms] [WARNING] [Vue warn]: (deprecation COMPONENT_FUNCTIONAL) (14) 
  at <Results2 results= [] loading=true > 
  at <BCol md="9" class="results" > 
  at <BRow> 
  at <BOverlay rounded="sm" show=true variant="white"  ... > 
  at <BContainer fluid="md" class="mt-3" textQuery="water"  ... > 
  at <Search2 textQuery="water" resourceType=undefined exact="false"  ... > 
  at <RouterView> 
  at <App> @ http://localhost:5174/node_modules/.vite/deps/chunk-77GDWHOT.js?v=79eaa276:2209
[ 4996344ms] [WARNING] [Vue warn]: (deprecation COMPONENT_FUNCTIONAL) (15) 
  at <BCollapse visible=false > 
  at <FacetText2 key=0 facet-config= {field: resourceType, title: Resource Type, sort: acs, open: false, type: text} > 
  at <Facets2 facets= [Object, Object, Object, Object, Object, Object, Object, Object] > 
  at <BCol md="3" class="sidebar" > 
  at <BRow> 
  at <BOverlay rounded="sm" show=true variant="white"  ... > 
  at <BContainer fluid="md" class="mt-3" textQuery="water"  ... > 
  at <Search2 textQuery="water" resourceType=undefined exact="false"  ... > 
  at <RouterView> 
  at <App> @ http://localhost:5174/node_modules/.vite/deps/chunk-77GDWHOT.js?v=79eaa276:2209
[ 4996596ms] [WARNING] [Vue warn]: (deprecation COMPONENT_FUNCTIONAL) (16) 
  at <ResultItem2 key="urn:gleaner.io:eco:iedadata:data:ca75fbf44284a65a9458778ef372a7c2bd58b62b" result= {g: urn:gleaner.io:eco:iedadata:data:ca75fbf44284a65a9458778ef372a7c2bd58b62b, subj: DOI:10.15784/601205, name: Algal pigment concentrations from the Ross Sea, description: Abstract: Algal pigment concentrations as measured…l B. Palmer cruise in the Ross Sea from 2017-2018, datep: 2019} index=0 > 
  at <Results2 results= [Object, Object, Object, Object, Object, Object, Object, Object, Object, Object, Object, Object, Object] loading=false > 
  at <BCol md="9" class="results" > 
  at <BRow> 
  at <BOverlay rounded="sm" show=false variant="white"  ... > 
  at <BContainer fluid="md" class="mt-3" textQuery="water"  ... > 
  at <Search2 textQuery="water" resourceType=undefined exact="false"  ... > 
  at <RouterView> 
  at <App> @ http://localhost:5174/node_modules/.vite/deps/chunk-77GDWHOT.js?v=79eaa276:2209
[ 4996597ms] [WARNING] [Vue warn]: (deprecation INSTANCE_LISTENERS) (21) 
  at <BCard class="result-item" > 
  at <ResultItem2 key="urn:gleaner.io:eco:iedadata:data:ca75fbf44284a65a9458778ef372a7c2bd58b62b" result= {g: urn:gleaner.io:eco:iedadata:data:ca75fbf44284a65a9458778ef372a7c2bd58b62b, subj: DOI:10.15784/601205, name: Algal pigment concentrations from the Ross Sea, description: Abstract: Algal pigment concentrations as measured…l B. Palmer cruise in the Ross Sea from 2017-2018, datep: 2019} index=0 > 
  at <Results2 results= [Object, Object, Object, Object, Object, Object, Object, Object, Object, Object, Object, Object, Object] loading=false > 
  at <BCol md="9" class="results" > 
  at <BRow> 
  at <BOverlay rounded="sm" show=false variant="white"  ... > 
  at <BContainer fluid="md" class="mt-3" textQuery="water"  ... > 
  at <Search2 textQuery="water" resourceType=undefined exact="false"  ... > 
  at <RouterView> 
  at <App> @ http://localhost:5174/node_modules/.vite/deps/chunk-77GDWHOT.js?v=79eaa276:2209
[ 4996598ms] [WARNING] [Vue warn]: (deprecation COMPONENT_FUNCTIONAL) (17) 
  at <BCard class="result-item" > 
  at <ResultItem2 key="urn:gleaner.io:eco:iedadata:data:ca75fbf44284a65a9458778ef372a7c2bd58b62b" result= {g: urn:gleaner.io:eco:iedadata:data:ca75fbf44284a65a9458778ef372a7c2bd58b62b, subj: DOI:10.15784/601205, name: Algal pigment concentrations from the Ross Sea, description: Abstract: Algal pigment concentrations as measured…l B. Palmer cruise in the Ross Sea from 2017-2018, datep: 2019} index=0 > 
  at <Results2 results= [Object, Object, Object, Object, Object, Object, Object, Object, Object, Object, Object, Object, Object] loading=false > 
  at <BCol md="9" class="results" > 
  at <BRow> 
  at <BOverlay rounded="sm" show=false variant="white"  ... > 
  at <BContainer fluid="md" class="mt-3" textQuery="water"  ... > 
  at <Search2 textQuery="water" resourceType=undefined exact="false"  ... > 
  at <RouterView> 
  at <App> @ http://localhost:5174/node_modules/.vite/deps/chunk-77GDWHOT.js?v=79eaa276:2209
[ 4996598ms] [WARNING] [Vue warn]: (deprecation INSTANCE_LISTENERS) (22) 
  at <BCardBody bodyBgVariant=undefined bodyBorderVariant=undefined bodyClass=undefined  ... > 
  at <BCard class="result-item" > 
  at <ResultItem2 key="urn:gleaner.io:eco:iedadata:data:ca75fbf44284a65a9458778ef372a7c2bd58b62b" result= {g: urn:gleaner.io:eco:iedadata:data:ca75fbf44284a65a9458778ef372a7c2bd58b62b, subj: DOI:10.15784/601205, name: Algal pigment concentrations from the Ross Sea, description: Abstract: Algal pigment concentrations as measured…l B. Palmer cruise in the Ross Sea from 2017-2018, datep: 2019} index=0 > 
  at <Results2 results= [Object, Object, Object, Object, Object, Object, Object, Object, Object, Object, Object, Object, Object] loading=false > 
  at <BCol md="9" class="results" > 
  at <BRow> 
  at <BOverlay rounded="sm" show=false variant="white"  ... > 
  at <BContainer fluid="md" class="mt-3" textQuery="water"  ... > 
  at <Search2 textQuery="water" resourceType=undefined exact="false"  ... > 
  at <RouterView> 
  at <App> @ http://localhost:5174/node_modules/.vite/deps/chunk-77GDWHOT.js?v=79eaa276:2209
[13315178ms] [LOG] [vite] server connection lost. Polling for restart... @ http://localhost:5174/@vite/client:864
[13315472ms] [WARNING] [Vue warn]: (deprecation GLOBAL_EXTEND) Vue.extend() has been removed in Vue 3. Use defineComponent() instead.
  Details: https://vuejs.org/api/general.html#definecomponent @ http://localhost:5174/node_modules/.vite/deps/chunk-77GDWHOT.js?v=79eaa276:2209
[13315488ms] [WARNING] [Vue warn]: (deprecation GLOBAL_MOUNT) The global app bootstrapping API has changed: vm.$mount() and the "el" option have been removed. Use createApp(RootComponent).mount() instead.
  Details: https://v3-migration.vuejs.org/breaking-changes/global-api.html#mounting-app-instance @ http://localhost:5174/node_modules/.vite/deps/chunk-77GDWHOT.js?v=79eaa276:2209
[13315489ms] [WARNING] [Vue warn]: (deprecation WATCH_ARRAY) "watch" option or vm.$watch on an array value will no longer trigger on array mutation unless the "deep" option is specified. If current usage is intended, you can disable the compat behavior and suppress this warning with:

  configureCompat({ WATCH_ARRAY: false })

  Details: https://v3-migration.vuejs.org/breaking-changes/watch.html @ http://localhost:5174/node_modules/.vite/deps/chunk-77GDWHOT.js?v=79eaa276:2209
[13315505ms] [WARNING] [BootstrapVue warn]: Multiple instances of Vue detected!
You may need to set up an alias for Vue in your bundler config.
See: https://bootstrap-vue.org/docs#using-module-bundlers @ http://localhost:5174/node_modules/.vite/deps/bootstrap-vue.js?v=79eaa276:730
[13315505ms] [WARNING] [Vue warn]: (deprecation GLOBAL_PROTOTYPE) Vue.prototype is no longer available in Vue 3. Use app.config.globalProperties instead.
  Details: https://v3-migration.vuejs.org/breaking-changes/global-api.html#vue-prototype-replaced-by-config-globalproperties @ http://localhost:5174/node_modules/.vite/deps/chunk-77GDWHOT.js?v=79eaa276:2209
[13315505ms] [WARNING] [Vue warn]: Component "BFormRow" has already been registered in target app. @ http://localhost:5174/node_modules/.vite/deps/chunk-77GDWHOT.js?v=79eaa276:2209
[13315505ms] [WARNING] [Vue warn]: Plugin has already been applied to target app. @ http://localhost:5174/node_modules/.vite/deps/chunk-77GDWHOT.js?v=79eaa276:2209
[13315505ms] [WARNING] [Vue warn]: Plugin has already been applied to target app. @ http://localhost:5174/node_modules/.vite/deps/chunk-77GDWHOT.js?v=79eaa276:2209
[13315505ms] [WARNING] [Vue warn]: Plugin has already been applied to target app. @ http://localhost:5174/node_modules/.vite/deps/chunk-77GDWHOT.js?v=79eaa276:2209
[13315505ms] [WARNING] [Vue warn]: Plugin has already been applied to target app. @ http://localhost:5174/node_modules/.vite/deps/chunk-77GDWHOT.js?v=79eaa276:2209
[13315505ms] [WARNING] [Vue warn]: Plugin has already been applied to target app. @ http://localhost:5174/node_modules/.vite/deps/chunk-77GDWHOT.js?v=79eaa276:2209
[13315505ms] [WARNING] [Vue warn]: Directive "BModal" has already been registered in target app. @ http://localhost:5174/node_modules/.vite/deps/chunk-77GDWHOT.js?v=79eaa276:2209
[13315505ms] [WARNING] [Vue warn]: Plugin has already been applied to target app. @ http://localhost:5174/node_modules/.vite/deps/chunk-77GDWHOT.js?v=79eaa276:2209
[13315505ms] [WARNING] [Vue warn]: Plugin has already been applied to target app. @ http://localhost:5174/node_modules/.vite/deps/chunk-77GDWHOT.js?v=79eaa276:2209
[13315505ms] [WARNING] [Vue warn]: Plugin has already been applied to target app. @ http://localhost:5174/node_modules/.vite/deps/chunk-77GDWHOT.js?v=79eaa276:2209
[13315507ms] [WARNING] [Vue warn]: (deprecation CONFIG_DEVTOOLS) config.devtools has been removed. To enable devtools for production, configure the __VUE_PROD_DEVTOOLS__ compile-time flag.
  Details: https://github.com/vuejs/core/tree/main/packages/vue#bundler-build-feature-flags @ http://localhost:5174/node_modules/.vite/deps/chunk-77GDWHOT.js?v=79eaa276:2209
[13315514ms] [LOG] Trying to fetch tenant data @ http://localhost:5174/src/state.js:262
[13315516ms] [LOG] {tenant: Array(9)} @ http://localhost:5174/src/state.js:266
[13315517ms] [WARNING] [Vue warn]: (deprecation RENDER_FUNCTION) Vue 3's render function API has changed. You can opt-in to the new API with:

  configureCompat({ RENDER_FUNCTION: false })

  (This can also be done per-component via the "compatConfig" option.)
  Details: https://v3-migration.vuejs.org/breaking-changes/render-function-api.html 
  at <BNavbar toggleable="lg" type="dark" variant="primary"  ... > 
  at <NavHeader> 
  at <App> @ http://localhost:5174/node_modules/.vite/deps/chunk-77GDWHOT.js?v=79eaa276:2209
[13315517ms] [WARNING] [Vue warn]: (deprecation INSTANCE_SCOPED_SLOTS) vm.$scopedSlots has been removed. Use vm.$slots instead.
  Details: https://v3-migration.vuejs.org/breaking-changes/slots-unification.html 
  at <BNavbar toggleable="lg" type="dark" variant="primary"  ... > 
  at <NavHeader> 
  at <App> @ http://localhost:5174/node_modules/.vite/deps/chunk-77GDWHOT.js?v=79eaa276:2209
[13315518ms] [WARNING] [Vue warn]: (deprecation COMPONENT_FUNCTIONAL) Functional component <BContainer> should be defined as a plain function in Vue 3. The "functional" option has been removed. NOTE: Before migrating to use plain functions for functional components, first make sure that all async components usage have been migrated and its compat behavior has been disabled.
  Details: https://v3-migration.vuejs.org/breaking-changes/functional-components.html 
  at <BNavbar toggleable="lg" type="dark" variant="primary"  ... > 
  at <NavHeader> 
  at <App> @ http://localhost:5174/node_modules/.vite/deps/chunk-77GDWHOT.js?v=79eaa276:2209
[13315518ms] [WARNING] [Vue warn]: (deprecation INSTANCE_LISTENERS) vm.$listeners has been removed. In Vue 3, parent v-on listeners are included in vm.$attrs and it is no longer necessary to separately use v-on="$listeners" if you are already using v-bind="$attrs". (Note: the Vue 3 behavior only applies if this compat config is disabled)
  Details: https://v3-migration.vuejs.org/breaking-changes/listeners-removed.html 
  at <BContainer fluid="md" > 
  at <BNavbar toggleable="lg" type="dark" variant="primary"  ... > 
  at <NavHeader> 
  at <App> @ http://localhost:5174/node_modules/.vite/deps/chunk-77GDWHOT.js?v=79eaa276:2209
[13315518ms] [WARNING] [Vue warn]: (deprecation INSTANCE_LISTENERS) (2) 
  at <BNavbarNav class="d-lg-none" > 
  at <BContainer fluid="md" > 
  at <BNavbar toggleable="lg" type="dark" variant="primary"  ... > 
  at <NavHeader> 
  at <App> @ http://localhost:5174/node_modules/.vite/deps/chunk-77GDWHOT.js?v=79eaa276:2209
[13315519ms] [WARNING] [Vue warn]: (deprecation INSTANCE_LISTENERS) (3) 
  at <BNavItem class="mr-2" onClick=fn > 
  at <BNavbarNav class="d-lg-none" > 
  at <BContainer fluid="md" > 
  at <BNavbar toggleable="lg" type="dark" variant="primary"  ... > 
  at <NavHeader> 
  at <App> @ http://localhost:5174/node_modules/.vite/deps/chunk-77GDWHOT.js?v=79eaa276:2209
[13315519ms] [WARNING] [Vue warn]: (deprecation RENDER_FUNCTION) (2) 
  at <BLink class="nav-link" onClick=fn active=false  ... > 
  at <BNavItem class="mr-2" onClick=fn > 
  at <BNavbarNav class="d-lg-none" > 
  at <BContainer fluid="md" > 
  at <BNavbar toggleable="lg" type="dark" variant="primary"  ... > 
  at <NavHeader> 
  at <App> @ http://localhost:5174/node_modules/.vite/deps/chunk-77GDWHOT.js?v=79eaa276:2209
[13315519ms] [WARNING] [Vue warn]: (deprecation OPTIONS_DATA_MERGE) Detected conflicting key "bvListeners" when merging data option values. In Vue 3, data keys are merged shallowly and will override one another.
  Details: https://v3-migration.vuejs.org/breaking-changes/data-option.html#mixin-merge-behavior-change 
  at <BLink class="nav-link" onClick=fn active=false  ... > 
  at <BNavItem class="mr-2" onClick=fn > 
  at <BNavbarNav class="d-lg-none" > 
  at <BContainer fluid="md" > 
  at <BNavbar toggleable="lg" type="dark" variant="primary"  ... > 
  at <NavHeader> 
  at <App> @ http://localhost:5174/node_modules/.vite/deps/chunk-77GDWHOT.js?v=79eaa276:2209
[13315520ms] [WARNING] [Vue warn]: (deprecation INSTANCE_LISTENERS) (4) 
  at <BLink class="nav-link" onClick=fn active=false  ... > 
  at <BNavItem class="mr-2" onClick=fn > 
  at <BNavbarNav class="d-lg-none" > 
  at <BContainer fluid="md" > 
  at <BNavbar toggleable="lg" type="dark" variant="primary"  ... > 
  at <NavHeader> 
  at <App> @ http://localhost:5174/node_modules/.vite/deps/chunk-77GDWHOT.js?v=79eaa276:2209
[13315520ms] [WARNING] [Vue warn]: (deprecation OPTIONS_BEFORE_DESTROY) `beforeDestroy` has been renamed to `beforeUnmount`. 
  at <BLink class="nav-link" onClick=fn active=false  ... > 
  at <BNavItem class="mr-2" onClick=fn > 
  at <BNavbarNav class="d-lg-none" > 
  at <BContainer fluid="md" > 
  at <BNavbar toggleable="lg" type="dark" variant="primary"  ... > 
  at <NavHeader> 
  at <App> @ http://localhost:5174/node_modules/.vite/deps/chunk-77GDWHOT.js?v=79eaa276:2209
[13315520ms] [WARNING] [Vue warn]: (deprecation INSTANCE_SCOPED_SLOTS) (2) 
  at <BLink class="nav-link" onClick=fn active=false  ... > 
  at <BNavItem class="mr-2" onClick=fn > 
  at <BNavbarNav class="d-lg-none" > 
  at <BContainer fluid="md" > 
  at <BNavbar toggleable="lg" type="dark" variant="primary"  ... > 
  at <NavHeader> 
  at <App> @ http://localhost:5174/node_modules/.vite/deps/chunk-77GDWHOT.js?v=79eaa276:2209
[13315520ms] [WARNING] [Vue warn]: (deprecation INSTANCE_ATTRS_CLASS_STYLE) Component <BLink> has `inheritAttrs: false` but is relying on class/style fallthrough from parent. In Vue 3, class/style are now included in $attrs and will no longer fallthrough when inheritAttrs is false. If you are already using v-bind="$attrs" on component root it should render the same end result. If you are binding $attrs to a non-root element and expecting class/style to fallthrough on root, you will need to now manually bind them on root via :class="$attrs.class".
  Details: https://v3-migration.vuejs.org/breaking-changes/attrs-includes-class-style.html 
  at <BLink class="nav-link" onClick=fn active=false  ... > 
  at <BNavItem class="mr-2" onClick=fn > 
  at <BNavbarNav class="d-lg-none" > 
  at <BContainer fluid="md" > 
  at <BNavbar toggleable="lg" type="dark" variant="primary"  ... > 
  at <NavHeader> 
  at <App> @ http://localhost:5174/node_modules/.vite/deps/chunk-77GDWHOT.js?v=79eaa276:2209
[13315521ms] [WARNING] [Vue warn]: (deprecation INSTANCE_LISTENERS) (5) 
  at <BButton variant="outline-primary" > 
  at <BLink class="nav-link" onClick=fn active=false  ... > 
  at <BNavItem class="mr-2" onClick=fn > 
  at <BNavbarNav class="d-lg-none" > 
  at <BContainer fluid="md" > 
  at <BNavbar toggleable="lg" type="dark" variant="primary"  ... > 
  at <NavHeader> 
  at <App> @ http://localhost:5174/node_modules/.vite/deps/chunk-77GDWHOT.js?v=79eaa276:2209
[13315521ms] [WARNING] [Vue warn]: (deprecation INSTANCE_LISTENERS) (6) 
  at <BIcon icon="arrow-left" > 
  at <BButton variant="outline-primary" > 
  at <BLink class="nav-link" onClick=fn active=false  ... > 
  at <BNavItem class="mr-2" onClick=fn > 
  at <BNavbarNav class="d-lg-none" > 
  at <BContainer fluid="md" > 
  at <BNavbar toggleable="lg" type="dark" variant="primary"  ... > 
  at <NavHeader> 
  at <App> @ http://localhost:5174/node_modules/.vite/deps/chunk-77GDWHOT.js?v=79eaa276:2209
[13315521ms] [WARNING] [Vue warn]: (deprecation COMPONENT_FUNCTIONAL) (2) 
  at <BIcon icon="arrow-left" > 
  at <BButton variant="outline-primary" > 
  at <BLink class="nav-link" onClick=fn active=false  ... > 
  at <BNavItem class="mr-2" onClick=fn > 
  at <BNavbarNav class="d-lg-none" > 
  at <BContainer fluid="md" > 
  at <BNavbar toggleable="lg" type="dark" variant="primary"  ... > 
  at <NavHeader> 
  at <App> @ http://localhost:5174/node_modules/.vite/deps/chunk-77GDWHOT.js?v=79eaa276:2209
[13315521ms] [WARNING] [Vue warn]: (deprecation INSTANCE_LISTENERS) (7) 
  at <BIconBlank icon="arrow-left" animation=undefined flipH=false  ... > 
  at <BIcon icon="arrow-left" > 
  at <BButton variant="outline-primary" > 
  at <BLink class="nav-link" onClick=fn active=false  ... > 
  at <BNavItem class="mr-2" onClick=fn > 
  at <BNavbarNav class="d-lg-none" > 
  at <BContainer fluid="md" > 
  at <BNavbar toggleable="lg" type="dark" variant="primary"  ... > 
  at <NavHeader> 
  at <App> @ http://localhost:5174/node_modules/.vite/deps/chunk-77GDWHOT.js?v=79eaa276:2209
[13315522ms] [WARNING] [Vue warn]: (deprecation COMPONENT_FUNCTIONAL) (3) 
  at <BIconBlank icon="arrow-left" animation=undefined flipH=false  ... > 
  at <BIcon icon="arrow-left" > 
  at <BButton variant="outline-primary" > 
  at <BLink class="nav-link" onClick=fn active=false  ... > 
  at <BNavItem class="mr-2" onClick=fn > 
  at <BNavbarNav class="d-lg-none" > 
  at <BContainer fluid="md" > 
  at <BNavbar toggleable="lg" type="dark" variant="primary"  ... > 
  at <NavHeader> 
  at <App> @ http://localhost:5174/node_modules/.vite/deps/chunk-77GDWHOT.js?v=79eaa276:2209
[13315522ms] [WARNING] [Vue warn]: (deprecation INSTANCE_LISTENERS) (8) 
  at <BIconBase aria-label="blank" icon="arrow-left" title=undefined  ... > 
  at <BIconBlank icon="arrow-left" animation=undefined flipH=false  ... > 
  at <BIcon icon="arrow-left" > 
  at <BButton variant="outline-primary" > 
  at <BLink class="nav-link" onClick=fn active=false  ... > 
  at <BNavItem class="mr-2" onClick=fn > 
  at <BNavbarNav class="d-lg-none" > 
  at <BContainer fluid="md" > 
  at <BNavbar toggleable="lg" type="dark" variant="primary"  ... > 
  at <NavHeader> 
  at <App> @ http://localhost:5174/node_modules/.vite/deps/chunk-77GDWHOT.js?v=79eaa276:2209
[13315523ms] [WARNING] [Vue warn]: (deprecation INSTANCE_LISTENERS) (9) 
  at <BNavbarBrand href="https://www.earthcube.org/geocodes" target="_blank" class="mr-0" > 
  at <BContainer fluid="md" > 
  at <BNavbar toggleable="lg" type="dark" variant="primary"  ... > 
  at <NavHeader> 
  at <App> @ http://localhost:5174/node_modules/.vite/deps/chunk-77GDWHOT.js?v=79eaa276:2209
[13315524ms] [WARNING] [Vue warn]: (deprecation RENDER_FUNCTION) (3) 
  at <BNavbarToggle target="nav-collapse" > 
  at <BContainer fluid="md" > 
  at <BNavbar toggleable="lg" type="dark" variant="primary"  ... > 
  at <NavHeader> 
  at <App> @ http://localhost:5174/node_modules/.vite/deps/chunk-77GDWHOT.js?v=79eaa276:2209
[13315525ms] [WARNING] [Vue warn]: (deprecation INSTANCE_EVENT_EMITTER) vm.$on/$once/$off() have been removed. Use an external event emitter library instead.
  Details: https://v3-migration.vuejs.org/breaking-changes/events-api.html 
  at <BNavbarToggle target="nav-collapse" > 
  at <BContainer fluid="md" > 
  at <BNavbar toggleable="lg" type="dark" variant="primary"  ... > 
  at <NavHeader> 
  at <App> @ http://localhost:5174/node_modules/.vite/deps/chunk-77GDWHOT.js?v=79eaa276:2209
[13315525ms] [WARNING] [Vue warn]: (deprecation OPTIONS_BEFORE_DESTROY) (2) 
  at <BNavbarToggle target="nav-collapse" > 
  at <BContainer fluid="md" > 
  at <BNavbar toggleable="lg" type="dark" variant="primary"  ... > 
  at <NavHeader> 
  at <App> @ http://localhost:5174/node_modules/.vite/deps/chunk-77GDWHOT.js?v=79eaa276:2209
[13315525ms] [WARNING] [Vue warn]: (deprecation INSTANCE_SCOPED_SLOTS) (3) 
  at <BNavbarToggle target="nav-collapse" > 
  at <BContainer fluid="md" > 
  at <BNavbar toggleable="lg" type="dark" variant="primary"  ... > 
  at <NavHeader> 
  at <App> @ http://localhost:5174/node_modules/.vite/deps/chunk-77GDWHOT.js?v=79eaa276:2209
[13315525ms] [WARNING] [Vue warn]: (deprecation CUSTOM_DIR) Custom directive hook "bind" has been removed. Use "beforeMount" instead.
  Details: https://v3-migration.vuejs.org/breaking-changes/custom-directives.html 
  at <BNavbarToggle target="nav-collapse" > 
  at <BContainer fluid="md" > 
  at <BNavbar toggleable="lg" type="dark" variant="primary"  ... > 
  at <NavHeader> 
  at <App> @ http://localhost:5174/node_modules/.vite/deps/chunk-77GDWHOT.js?v=79eaa276:2209
[13315525ms] [WARNING] [Vue warn]: (deprecation RENDER_FUNCTION) (4) 
  at <BCollapse id="nav-collapse" is-nav="" > 
  at <BContainer fluid="md" > 
  at <BNavbar toggleable="lg" type="dark" variant="primary"  ... > 
  at <NavHeader> 
  at <App> @ http://localhost:5174/node_modules/.vite/deps/chunk-77GDWHOT.js?v=79eaa276:2209
[13315526ms] [WARNING] [Vue warn]: (deprecation OPTIONS_BEFORE_DESTROY) (3) 
  at <BCollapse id="nav-collapse" is-nav="" > 
  at <BContainer fluid="md" > 
  at <BNavbar toggleable="lg" type="dark" variant="primary"  ... > 
  at <NavHeader> 
  at <App> @ http://localhost:5174/node_modules/.vite/deps/chunk-77GDWHOT.js?v=79eaa276:2209
[13315526ms] [WARNING] [Vue warn]: (deprecation INSTANCE_SCOPED_SLOTS) (4) 
  at <BCollapse id="nav-collapse" is-nav="" > 
  at <BContainer fluid="md" > 
  at <BNavbar toggleable="lg" type="dark" variant="primary"  ... > 
  at <NavHeader> 
  at <App> @ http://localhost:5174/node_modules/.vite/deps/chunk-77GDWHOT.js?v=79eaa276:2209
[13315526ms] [WARNING] [Vue warn]: (deprecation COMPONENT_FUNCTIONAL) (4) 
  at <BCollapse id="nav-collapse" is-nav="" > 
  at <BContainer fluid="md" > 
  at <BNavbar toggleable="lg" type="dark" variant="primary"  ... > 
  at <NavHeader> 
  at <App> @ http://localhost:5174/node_modules/.vite/deps/chunk-77GDWHOT.js?v=79eaa276:2209
[13315527ms] [WARNING] [Vue warn]: (deprecation INSTANCE_LISTENERS) (10) 
  at <BVCollapse onEnter=fn<bound onEnter3> onAfterEnter=fn<bound onAfterEnter3> onLeave=fn<bound onLeave3>  ... > 
  at <BCollapse id="nav-collapse" is-nav="" > 
  at <BContainer fluid="md" > 
  at <BNavbar toggleable="lg" type="dark" variant="primary"  ... > 
  at <NavHeader> 
  at <App> @ http://localhost:5174/node_modules/.vite/deps/chunk-77GDWHOT.js?v=79eaa276:2209
[13315528ms] [WARNING] [Vue warn]: (deprecation INSTANCE_LISTENERS) (11) 
  at <BNavForm onSubmit=fn > 
  at <BNavbarNav class="ml-auto menu_nav" > 
  at <BaseTransition onEnter=fn onAfterEnter= [, ] onLeave=fn<onLeave>  ... > 
  at <Transition onEnter= [, ] onAfterEnter= [, ] onLeave= [, ]  ... > 
  at <BVCollapse onEnter=fn<bound onEnter3> onAfterEnter=fn<bound onAfterEnter3> onLeave=fn<bound onLeave3>  ... > 
  at <BCollapse id="nav-collapse" is-nav="" > 
  at <BContainer fluid="md" > 
  at <BNavbar toggleable="lg" type="dark" variant="primary"  ... > 
  at <NavHeader> 
  at <App> @ http://localhost:5174/node_modules/.vite/deps/chunk-77GDWHOT.js?v=79eaa276:2209
[13315528ms] [WARNING] [Vue warn]: (deprecation COMPONENT_FUNCTIONAL) (5) 
  at <BNavForm onSubmit=fn > 
  at <BNavbarNav class="ml-auto menu_nav" > 
  at <BaseTransition onEnter=fn onAfterEnter= [, ] onLeave=fn<onLeave>  ... > 
  at <Transition onEnter= [, ] onAfterEnter= [, ] onLeave= [, ]  ... > 
  at <BVCollapse onEnter=fn<bound onEnter3> onAfterEnter=fn<bound onAfterEnter3> onLeave=fn<bound onLeave3>  ... > 
  at <BCollapse id="nav-collapse" is-nav="" > 
  at <BContainer fluid="md" > 
  at <BNavbar toggleable="lg" type="dark" variant="primary"  ... > 
  at <NavHeader> 
  at <App> @ http://localhost:5174/node_modules/.vite/deps/chunk-77GDWHOT.js?v=79eaa276:2209
[13315528ms] [WARNING] [Vue warn]: (deprecation INSTANCE_LISTENERS) (12) 
  at <BForm class=undefined onSubmit=fn id=undefined  ... > 
  at <BNavForm onSubmit=fn > 
  at <BNavbarNav class="ml-auto menu_nav" > 
  at <BaseTransition onEnter=fn onAfterEnter= [, ] onLeave=fn<onLeave>  ... > 
  at <Transition onEnter= [, ] onAfterEnter= [, ] onLeave= [, ]  ... > 
  at <BVCollapse onEnter=fn<bound onEnter3> onAfterEnter=fn<bound onAfterEnter3> onLeave=fn<bound onLeave3>  ... > 
  at <BCollapse id="nav-collapse" is-nav="" > 
  at <BContainer fluid="md" > 
  at <BNavbar toggleable="lg" type="dark" variant="primary"  ... > 
  at <NavHeader> 
  at <App> @ http://localhost:5174/node_modules/.vite/deps/chunk-77GDWHOT.js?v=79eaa276:2209
[13315529ms] [WARNING] [Vue warn]: (deprecation INSTANCE_LISTENERS) (13) 
  at <BInputGroup size="sm" > 
  at <BForm class=undefined onSubmit=fn id=undefined  ... > 
  at <BNavForm onSubmit=fn > 
  at <BNavbarNav class="ml-auto menu_nav" > 
  at <BaseTransition onEnter=fn onAfterEnter= [, ] onLeave=fn<onLeave>  ... > 
  at <Transition onEnter= [, ] onAfterEnter= [, ] onLeave= [, ]  ... > 
  at <BVCollapse onEnter=fn<bound onEnter3> onAfterEnter=fn<bound onAfterEnter3> onLeave=fn<bound onLeave3>  ... > 
  at <BCollapse id="nav-collapse" is-nav="" > 
  at <BContainer fluid="md" > 
  at <BNavbar toggleable="lg" type="dark" variant="primary"  ... > 
  at <NavHeader> 
  at <App> @ http://localhost:5174/node_modules/.vite/deps/chunk-77GDWHOT.js?v=79eaa276:2209
[13315529ms] [WARNING] [Vue warn]: (deprecation COMPONENT_V_MODEL) v-model usage on component has changed in Vue 3. Component that expects to work with v-model should now use the "modelValue" prop and emit the "update:modelValue" event. You can update the usage and then opt-in to Vue 3 behavior on a per-component basis with `compatConfig: { COMPONENT_V_MODEL: false }`.
  Details: https://v3-migration.vuejs.org/breaking-changes/v-model.html 
  at <BFormInput modelValue="" onUpdate:modelValue=fn type="search"  ... > @ http://localhost:5174/node_modules/.vite/deps/chunk-77GDWHOT.js?v=79eaa276:2209
[13315530ms] [WARNING] [Vue warn]: (deprecation RENDER_FUNCTION) (5) 
  at <BFormInput type="search" placeholder="Search" onKeydown=fn  ... > 
  at <BInputGroup size="sm" > 
  at <BForm class=undefined onSubmit=fn id=undefined  ... > 
  at <BNavForm onSubmit=fn > 
  at <BNavbarNav class="ml-auto menu_nav" > 
  at <BaseTransition onEnter=fn onAfterEnter= [, ] onLeave=fn<onLeave>  ... > 
  at <Transition onEnter= [, ] onAfterEnter= [, ] onLeave= [, ]  ... > 
  at <BVCollapse onEnter=fn<bound onEnter3> onAfterEnter=fn<bound onAfterEnter3> onLeave=fn<bound onLeave3>  ... > 
  at <BCollapse id="nav-collapse" is-nav="" > 
  at <BContainer fluid="md" > 
  at <BNavbar toggleable="lg" type="dark" variant="primary"  ... > 
  at <NavHeader> 
  at <App> @ http://localhost:5174/node_modules/.vite/deps/chunk-77GDWHOT.js?v=79eaa276:2209
[13315530ms] [WARNING] [Vue warn]: (deprecation OPTIONS_DATA_MERGE) (2) 
  at <BFormInput type="search" placeholder="Search" onKeydown=fn  ... > 
  at <BInputGroup size="sm" > 
  at <BForm class=undefined onSubmit=fn id=undefined  ... > 
  at <BNavForm onSubmit=fn > 
  at <BNavbarNav class="ml-auto menu_nav" > 
  at <BaseTransition onEnter=fn onAfterEnter= [, ] onLeave=fn<onLeave>  ... > 
  at <Transition onEnter= [, ] onAfterEnter= [, ] onLeave= [, ]  ... > 
  at <BVCollapse onEnter=fn<bound onEnter3> onAfterEnter=fn<bound onAfterEnter3> onLeave=fn<bound onLeave3>  ... > 
  at <BCollapse id="nav-collapse" is-nav="" > 
  at <BContainer fluid="md" > 
  at <BNavbar toggleable="lg" type="dark" variant="primary"  ... > 
  at <NavHeader> 
  at <App> @ http://localhost:5174/node_modules/.vite/deps/chunk-77GDWHOT.js?v=79eaa276:2209
[13315531ms] [WARNING] [Vue warn]: (deprecation INSTANCE_LISTENERS) (14) 
  at <BFormInput type="search" placeholder="Search" onKeydown=fn  ... > 
  at <BInputGroup size="sm" > 
  at <BForm class=undefined onSubmit=fn id=undefined  ... > 
  at <BNavForm onSubmit=fn > 
  at <BNavbarNav class="ml-auto menu_nav" > 
  at <BaseTransition onEnter=fn onAfterEnter= [, ] onLeave=fn<onLeave>  ... > 
  at <Transition onEnter= [, ] onAfterEnter= [, ] onLeave= [, ]  ... > 
  at <BVCollapse onEnter=fn<bound onEnter3> onAfterEnter=fn<bound onAfterEnter3> onLeave=fn<bound onLeave3>  ... > 
  at <BCollapse id="nav-collapse" is-nav="" > 
  at <BContainer fluid="md" > 
  at <BNavbar toggleable="lg" type="dark" variant="primary"  ... > 
  at <NavHeader> 
  at <App> @ http://localhost:5174/node_modules/.vite/deps/chunk-77GDWHOT.js?v=79eaa276:2209
[13315531ms] [WARNING] [Vue warn]: (deprecation OPTIONS_BEFORE_DESTROY) (4) 
  at <BFormInput type="search" placeholder="Search" onKeydown=fn  ... > 
  at <BInputGroup size="sm" > 
  at <BForm class=undefined onSubmit=fn id=undefined  ... > 
  at <BNavForm onSubmit=fn > 
  at <BNavbarNav class="ml-auto menu_nav" > 
  at <BaseTransition onEnter=fn onAfterEnter= [, ] onLeave=fn<onLeave>  ... > 
  at <Transition onEnter= [, ] onAfterEnter= [, ] onLeave= [, ]  ... > 
  at <BVCollapse onEnter=fn<bound onEnter3> onAfterEnter=fn<bound onAfterEnter3> onLeave=fn<bound onLeave3>  ... > 
  at <BCollapse id="nav-collapse" is-nav="" > 
  at <BContainer fluid="md" > 
  at <BNavbar toggleable="lg" type="dark" variant="primary"  ... > 
  at <NavHeader> 
  at <App> @ http://localhost:5174/node_modules/.vite/deps/chunk-77GDWHOT.js?v=79eaa276:2209
[13315532ms] [WARNING] [Vue warn]: (deprecation ATTR_FALSE_VALUE) Attribute "aria-invalid" with v-bind value `false` will render aria-invalid="false" instead of removing it in Vue 3. To remove the attribute, use `null` or `undefined` instead. If the usage is intended, you can disable the compat behavior and suppress this warning with:

  configureCompat({ ATTR_FALSE_VALUE: false })

  Details: https://v3-migration.vuejs.org/breaking-changes/attribute-coercion.html 
  at <BFormInput type="search" placeholder="Search" onKeydown=fn  ... > 
  at <BInputGroup size="sm" > 
  at <BForm class=undefined onSubmit=fn id=undefined  ... > 
  at <BNavForm onSubmit=fn > 
  at <BNavbarNav class="ml-auto menu_nav" > 
  at <BaseTransition onEnter=fn onAfterEnter= [, ] onLeave=fn<onLeave>  ... > 
  at <Transition onEnter= [, ] onAfterEnter= [, ] onLeave= [, ]  ... > 
  at <BVCollapse onEnter=fn<bound onEnter3> onAfterEnter=fn<bound onAfterEnter3> onLeave=fn<bound onLeave3>  ... > 
  at <BCollapse id="nav-collapse" is-nav="" > 
  at <BContainer fluid="md" > 
  at <BNavbar toggleable="lg" type="dark" variant="primary"  ... > 
  at <NavHeader> 
  at <App> @ http://localhost:5174/node_modules/.vite/deps/chunk-77GDWHOT.js?v=79eaa276:2209
[13315532ms] [WARNING] [Vue warn]: (deprecation INSTANCE_LISTENERS) (15) 
  at <BInputGroupAppend> 
  at <BInputGroup size="sm" > 
  at <BForm class=undefined onSubmit=fn id=undefined  ... > 
  at <BNavForm onSubmit=fn > 
  at <BNavbarNav class="ml-auto menu_nav" > 
  at <BaseTransition onEnter=fn onAfterEnter= [, ] onLeave=fn<onLeave>  ... > 
  at <Transition onEnter= [, ] onAfterEnter= [, ] onLeave= [, ]  ... > 
  at <BVCollapse onEnter=fn<bound onEnter3> onAfterEnter=fn<bound onAfterEnter3> onLeave=fn<bound onLeave3>  ... > 
  at <BCollapse id="nav-collapse" is-nav="" > 
  at <BContainer fluid="md" > 
  at <BNavbar toggleable="lg" type="dark" variant="primary"  ... > 
  at <NavHeader> 
  at <App> @ http://localhost:5174/node_modules/.vite/deps/chunk-77GDWHOT.js?v=79eaa276:2209
[13315533ms] [WARNING] [Vue warn]: (deprecation COMPONENT_FUNCTIONAL) (6) 
  at <BInputGroupAppend> 
  at <BInputGroup size="sm" > 
  at <BForm class=undefined onSubmit=fn id=undefined  ... > 
  at <BNavForm onSubmit=fn > 
  at <BNavbarNav class="ml-auto menu_nav" > 
  at <BaseTransition onEnter=fn onAfterEnter= [, ] onLeave=fn<onLeave>  ... > 
  at <Transition onEnter= [, ] onAfterEnter= [, ] onLeave= [, ]  ... > 
  at <BVCollapse onEnter=fn<bound onEnter3> onAfterEnter=fn<bound onAfterEnter3> onLeave=fn<bound onLeave3>  ... > 
  at <BCollapse id="nav-collapse" is-nav="" > 
  at <BContainer fluid="md" > 
  at <BNavbar toggleable="lg" type="dark" variant="primary"  ... > 
  at <NavHeader> 
  at <App> @ http://localhost:5174/node_modules/.vite/deps/chunk-77GDWHOT.js?v=79eaa276:2209
[13315533ms] [WARNING] [Vue warn]: (deprecation INSTANCE_LISTENERS) (16) 
  at <BInputGroupAddon id=undefined isText=false tag="div"  ... > 
  at <BInputGroupAppend> 
  at <BInputGroup size="sm" > 
  at <BForm class=undefined onSubmit=fn id=undefined  ... > 
  at <BNavForm onSubmit=fn > 
  at <BNavbarNav class="ml-auto menu_nav" > 
  at <BaseTransition onEnter=fn onAfterEnter= [, ] onLeave=fn<onLeave>  ... > 
  at <Transition onEnter= [, ] onAfterEnter= [, ] onLeave= [, ]  ... > 
  at <BVCollapse onEnter=fn<bound onEnter3> onAfterEnter=fn<bound onAfterEnter3> onLeave=fn<bound onLeave3>  ... > 
  at <BCollapse id="nav-collapse" is-nav="" > 
  at <BContainer fluid="md" > 
  at <BNavbar toggleable="lg" type="dark" variant="primary"  ... > 
  at <NavHeader> 
  at <App> @ http://localhost:5174/node_modules/.vite/deps/chunk-77GDWHOT.js?v=79eaa276:2209
[13315534ms] [WARNING] [Vue warn]: (deprecation RENDER_FUNCTION) (6) 
  at <BDropdown text="SPARQL" variant="primary" > 
  at <BNavbarNav class="ml-auto menu_nav" > 
  at <BaseTransition onEnter=fn onAfterEnter= [, ] onLeave=fn<onLeave>  ... > 
  at <Transition onEnter= [, ] onAfterEnter= [, ] onLeave= [, ]  ... > 
  at <BVCollapse onEnter=fn<bound onEnter3> onAfterEnter=fn<bound onAfterEnter3> onLeave=fn<bound onLeave3>  ... > 
  at <BCollapse id="nav-collapse" is-nav="" > 
  at <BContainer fluid="md" > 
  at <BNavbar toggleable="lg" type="dark" variant="primary"  ... > 
  at <NavHeader> 
  at <App> @ http://localhost:5174/node_modules/.vite/deps/chunk-77GDWHOT.js?v=79eaa276:2209
[13315535ms] [WARNING] [Vue warn]: (deprecation OPTIONS_BEFORE_DESTROY) (5) 
  at <BDropdown text="SPARQL" variant="primary" > 
  at <BNavbarNav class="ml-auto menu_nav" > 
  at <BaseTransition onEnter=fn onAfterEnter= [, ] onLeave=fn<onLeave>  ... > 
  at <Transition onEnter= [, ] onAfterEnter= [, ] onLeave= [, ]  ... > 
  at <BVCollapse onEnter=fn<bound onEnter3> onAfterEnter=fn<bound onAfterEnter3> onLeave=fn<bound onLeave3>  ... > 
  at <BCollapse id="nav-collapse" is-nav="" > 
  at <BContainer fluid="md" > 
  at <BNavbar toggleable="lg" type="dark" variant="primary"  ... > 
  at <NavHeader> 
  at <App> @ http://localhost:5174/node_modules/.vite/deps/chunk-77GDWHOT.js?v=79eaa276:2209
[13315535ms] [WARNING] [Vue warn]: (deprecation INSTANCE_SCOPED_SLOTS) (5) 
  at <BDropdown text="SPARQL" variant="primary" > 
  at <BNavbarNav class="ml-auto menu_nav" > 
  at <BaseTransition onEnter=fn onAfterEnter= [, ] onLeave=fn<onLeave>  ... > 
  at <Transition onEnter= [, ] onAfterEnter= [, ] onLeave= [, ]  ... > 
  at <BVCollapse onEnter=fn<bound onEnter3> onAfterEnter=fn<bound onAfterEnter3> onLeave=fn<bound onLeave3>  ... > 
  at <BCollapse id="nav-collapse" is-nav="" > 
  at <BContainer fluid="md" > 
  at <BNavbar toggleable="lg" type="dark" variant="primary"  ... > 
  at <NavHeader> 
  at <App> @ http://localhost:5174/node_modules/.vite/deps/chunk-77GDWHOT.js?v=79eaa276:2209
[13315536ms] [WARNING] [Vue warn]: (deprecation COMPONENT_FUNCTIONAL) (7) 
  at <BDropdown text="SPARQL" variant="primary" > 
  at <BNavbarNav class="ml-auto menu_nav" > 
  at <BaseTransition onEnter=fn onAfterEnter= [, ] onLeave=fn<onLeave>  ... > 
  at <Transition onEnter= [, ] onAfterEnter= [, ] onLeave= [, ]  ... > 
  at <BVCollapse onEnter=fn<bound onEnter3> onAfterEnter=fn<bound onAfterEnter3> onLeave=fn<bound onLeave3>  ... > 
  at <BCollapse id="nav-collapse" is-nav="" > 
  at <BContainer fluid="md" > 
  at <BNavbar toggleable="lg" type="dark" variant="primary"  ... > 
  at <NavHeader> 
  at <App> @ http://localhost:5174/node_modules/.vite/deps/chunk-77GDWHOT.js?v=79eaa276:2209
[13315536ms] [WARNING] [Vue warn]: (deprecation RENDER_FUNCTION) (7) 
  at <BDropdownItem target="_blank" onClick=fn > 
  at <BDropdown text="SPARQL" variant="primary" > 
  at <BNavbarNav class="ml-auto menu_nav" > 
  at <BaseTransition onEnter=fn onAfterEnter= [, ] onLeave=fn<onLeave>  ... > 
  at <Transition onEnter= [, ] onAfterEnter= [, ] onLeave= [, ]  ... > 
  at <BVCollapse onEnter=fn<bound onEnter3> onAfterEnter=fn<bound onAfterEnter3> onLeave=fn<bound onLeave3>  ... > 
  at <BCollapse id="nav-collapse" is-nav="" > 
  at <BContainer fluid="md" > 
  at <BNavbar toggleable="lg" type="dark" variant="primary"  ... > 
  at <NavHeader> 
  at <App> @ http://localhost:5174/node_modules/.vite/deps/chunk-77GDWHOT.js?v=79eaa276:2209
[13315537ms] [WARNING] [Vue warn]: (deprecation INSTANCE_SCOPED_SLOTS) (6) 
  at <BDropdownItem target="_blank" onClick=fn > 
  at <BDropdown text="SPARQL" variant="primary" > 
  at <BNavbarNav class="ml-auto menu_nav" > 
  at <BaseTransition onEnter=fn onAfterEnter= [, ] onLeave=fn<onLeave>  ... > 
  at <Transition onEnter= [, ] onAfterEnter= [, ] onLeave= [, ]  ... > 
  at <BVCollapse onEnter=fn<bound onEnter3> onAfterEnter=fn<bound onAfterEnter3> onLeave=fn<bound onLeave3>  ... > 
  at <BCollapse id="nav-collapse" is-nav="" > 
  at <BContainer fluid="md" > 
  at <BNavbar toggleable="lg" type="dark" variant="primary"  ... > 
  at <NavHeader> 
  at <App> @ http://localhost:5174/node_modules/.vite/deps/chunk-77GDWHOT.js?v=79eaa276:2209
[13315538ms] [WARNING] [Vue warn]: (deprecation COMPONENT_FUNCTIONAL) (8) 
  at <Search2 textQuery="water" resourceType=undefined exact="false"  ... > 
  at <RouterView> 
  at <App> @ http://localhost:5174/node_modules/.vite/deps/chunk-77GDWHOT.js?v=79eaa276:2209
[13315539ms] [WARNING] [Vue warn]: (deprecation RENDER_FUNCTION) (8) 
  at <BOverlay rounded="sm" show=false variant="white"  ... > 
  at <BContainer fluid="md" class="mt-3" textQuery="water"  ... > 
  at <Search2 textQuery="water" resourceType=undefined exact="false"  ... > 
  at <RouterView> 
  at <App> @ http://localhost:5174/node_modules/.vite/deps/chunk-77GDWHOT.js?v=79eaa276:2209
[13315539ms] [WARNING] [Vue warn]: (deprecation COMPONENT_FUNCTIONAL) (9) 
  at <BOverlay rounded="sm" show=false variant="white"  ... > 
  at <BContainer fluid="md" class="mt-3" textQuery="water"  ... > 
  at <Search2 textQuery="water" resourceType=undefined exact="false"  ... > 
  at <RouterView> 
  at <App> @ http://localhost:5174/node_modules/.vite/deps/chunk-77GDWHOT.js?v=79eaa276:2209
[13315539ms] [WARNING] [Vue warn]: (deprecation INSTANCE_SCOPED_SLOTS) (7) 
  at <BOverlay rounded="sm" show=false variant="white"  ... > 
  at <BContainer fluid="md" class="mt-3" textQuery="water"  ... > 
  at <Search2 textQuery="water" resourceType=undefined exact="false"  ... > 
  at <RouterView> 
  at <App> @ http://localhost:5174/node_modules/.vite/deps/chunk-77GDWHOT.js?v=79eaa276:2209
[13315540ms] [WARNING] [Vue warn]: (deprecation COMPONENT_V_MODEL) (2) 
  at <BFormCheckbox modelValue=true onUpdate:modelValue=fn class="small" > @ http://localhost:5174/node_modules/.vite/deps/chunk-77GDWHOT.js?v=79eaa276:2209
[13315541ms] [WARNING] [Vue warn]: (deprecation RENDER_FUNCTION) (9) 
  at <BFormCheckbox class="small" checked=true onModelCompat:input=fn > 
  at <BCol md="3" class="sidebar" > 
  at <BRow> 
  at <BOverlay rounded="sm" show=false variant="white"  ... > 
  at <BContainer fluid="md" class="mt-3" textQuery="water"  ... > 
  at <Search2 textQuery="water" resourceType=undefined exact="false"  ... > 
  at <RouterView> 
  at <App> @ http://localhost:5174/node_modules/.vite/deps/chunk-77GDWHOT.js?v=79eaa276:2209
[13315541ms] [WARNING] [Vue warn]: (deprecation INSTANCE_SCOPED_SLOTS) (8) 
  at <BFormCheckbox class="small" checked=true onModelCompat:input=fn > 
  at <BCol md="3" class="sidebar" > 
  at <BRow> 
  at <BOverlay rounded="sm" show=false variant="white"  ... > 
  at <BContainer fluid="md" class="mt-3" textQuery="water"  ... > 
  at <Search2 textQuery="water" resourceType=undefined exact="false"  ... > 
  at <RouterView> 
  at <App> @ http://localhost:5174/node_modules/.vite/deps/chunk-77GDWHOT.js?v=79eaa276:2209
[13315542ms] [WARNING] [Vue warn]: (deprecation INSTANCE_ATTRS_CLASS_STYLE) Component <BFormCheckbox> has `inheritAttrs: false` but is relying on class/style fallthrough from parent. In Vue 3, class/style are now included in $attrs and will no longer fallthrough when inheritAttrs is false. If you are already using v-bind="$attrs" on component root it should render the same end result. If you are binding $attrs to a non-root element and expecting class/style to fallthrough on root, you will need to now manually bind them on root via :class="$attrs.class".
  Details: https://v3-migration.vuejs.org/breaking-changes/attrs-includes-class-style.html 
  at <BFormCheckbox class="small" checked=true onModelCompat:input=fn > 
  at <BCol md="3" class="sidebar" > 
  at <BRow> 
  at <BOverlay rounded="sm" show=false variant="white"  ... > 
  at <BContainer fluid="md" class="mt-3" textQuery="water"  ... > 
  at <Search2 textQuery="water" resourceType=undefined exact="false"  ... > 
  at <RouterView> 
  at <App> @ http://localhost:5174/node_modules/.vite/deps/chunk-77GDWHOT.js?v=79eaa276:2209
[13315548ms] [WARNING] [Vue warn]: (deprecation COMPONENT_FUNCTIONAL) (10) 
  at <BCollapse visible=true > 
  at <GeoBoundingBoxPicker2 facet-config= {field: spatialCoverage, title: Spatial Filter, sort: acs, open: true, type: geo} > 
  at <Facets2 facets= [Object, Object, Object, Object, Object, Object, Object, Object] > 
  at <BCol md="3" class="sidebar" > 
  at <BRow> 
  at <BOverlay rounded="sm" show=false variant="white"  ... > 
  at <BContainer fluid="md" class="mt-3" textQuery="water"  ... > 
  at <Search2 textQuery="water" resourceType=undefined exact="false"  ... > 
  at <RouterView> 
  at <App> @ http://localhost:5174/node_modules/.vite/deps/chunk-77GDWHOT.js?v=79eaa276:2209
[13315548ms] [WARNING] [Vue warn]: (deprecation COMPONENT_FUNCTIONAL) (11) 
  at <Feedback subject="Search" name="" urn="" > 
  at <BCol md="3" class="sidebar" > 
  at <BRow> 
  at <BOverlay rounded="sm" show=false variant="white"  ... > 
  at <BContainer fluid="md" class="mt-3" textQuery="water"  ... > 
  at <Search2 textQuery="water" resourceType=undefined exact="false"  ... > 
  at <RouterView> 
  at <App> @ http://localhost:5174/node_modules/.vite/deps/chunk-77GDWHOT.js?v=79eaa276:2209
[13315549ms] [WARNING] [Vue warn]: (deprecation RENDER_FUNCTION) (10) 
  at <BModal id="feedback-modal" ref="modal" size="lg"  ... > 
  at <Feedback subject="Search" name="" urn="" > 
  at <BCol md="3" class="sidebar" > 
  at <BRow> 
  at <BOverlay rounded="sm" show=false variant="white"  ... > 
  at <BContainer fluid="md" class="mt-3" textQuery="water"  ... > 
  at <Search2 textQuery="water" resourceType=undefined exact="false"  ... > 
  at <RouterView> 
  at <App> @ http://localhost:5174/node_modules/.vite/deps/chunk-77GDWHOT.js?v=79eaa276:2209
[13315550ms] [WARNING] [Vue warn]: (deprecation OPTIONS_BEFORE_DESTROY) (6) 
  at <BModal id="feedback-modal" ref="modal" size="lg"  ... > 
  at <Feedback subject="Search" name="" urn="" > 
  at <BCol md="3" class="sidebar" > 
  at <BRow> 
  at <BOverlay rounded="sm" show=false variant="white"  ... > 
  at <BContainer fluid="md" class="mt-3" textQuery="water"  ... > 
  at <Search2 textQuery="water" resourceType=undefined exact="false"  ... > 
  at <RouterView> 
  at <App> @ http://localhost:5174/node_modules/.vite/deps/chunk-77GDWHOT.js?v=79eaa276:2209
[13315550ms] [WARNING] [Vue warn]: (deprecation COMPONENT_V_MODEL) (3) 
  at <BFormSelect modelValue="score" onUpdate:modelValue=fn options= [Object, Object, Object, Object]  ... > @ http://localhost:5174/node_modules/.vite/deps/chunk-77GDWHOT.js?v=79eaa276:2209
[13315551ms] [WARNING] [Vue warn]: (deprecation RENDER_FUNCTION) (11) 
  at <BFormSelect options= [Object, Object, Object, Object] size="sm" class="sort-select"  ... > 
  at <ResultHeader2 current-count=0 total-count=0 filters= {}  ... > 
  at <BCol md="9" class="results" > 
  at <BRow> 
  at <BOverlay rounded="sm" show=false variant="white"  ... > 
  at <BContainer fluid="md" class="mt-3" textQuery="water"  ... > 
  at <Search2 textQuery="water" resourceType=undefined exact="false"  ... > 
  at <RouterView> 
  at <App> @ http://localhost:5174/node_modules/.vite/deps/chunk-77GDWHOT.js?v=79eaa276:2209
[13315551ms] [WARNING] [Vue warn]: (deprecation COMPONENT_FUNCTIONAL) (12) 
  at <BFormSelect options= [Object, Object, Object, Object] size="sm" class="sort-select"  ... > 
  at <ResultHeader2 current-count=0 total-count=0 filters= {}  ... > 
  at <BCol md="9" class="results" > 
  at <BRow> 
  at <BOverlay rounded="sm" show=false variant="white"  ... > 
  at <BContainer fluid="md" class="mt-3" textQuery="water"  ... > 
  at <Search2 textQuery="water" resourceType=undefined exact="false"  ... > 
  at <RouterView> 
  at <App> @ http://localhost:5174/node_modules/.vite/deps/chunk-77GDWHOT.js?v=79eaa276:2209
[13315551ms] [WARNING] [Vue warn]: (deprecation INSTANCE_SCOPED_SLOTS) (9) 
  at <BFormSelect options= [Object, Object, Object, Object] size="sm" class="sort-select"  ... > 
  at <ResultHeader2 current-count=0 total-count=0 filters= {}  ... > 
  at <BCol md="9" class="results" > 
  at <BRow> 
  at <BOverlay rounded="sm" show=false variant="white"  ... > 
  at <BContainer fluid="md" class="mt-3" textQuery="water"  ... > 
  at <Search2 textQuery="water" resourceType=undefined exact="false"  ... > 
  at <RouterView> 
  at <App> @ http://localhost:5174/node_modules/.vite/deps/chunk-77GDWHOT.js?v=79eaa276:2209
[13315552ms] [WARNING] [Vue warn]: (deprecation INSTANCE_LISTENERS) (17) 
  at <BFormSelectOption textContent="Name" key="option_0" value="name"  ... > 
  at <BFormSelect options= [Object, Object, Object, Object] size="sm" class="sort-select"  ... > 
  at <ResultHeader2 current-count=0 total-count=0 filters= {}  ... > 
  at <BCol md="9" class="results" > 
  at <BRow> 
  at <BOverlay rounded="sm" show=false variant="white"  ... > 
  at <BContainer fluid="md" class="mt-3" textQuery="water"  ... > 
  at <Search2 textQuery="water" resourceType=undefined exact="false"  ... > 
  at <RouterView> 
  at <App> @ http://localhost:5174/node_modules/.vite/deps/chunk-77GDWHOT.js?v=79eaa276:2209
[13315552ms] [WARNING] [Vue warn]: (deprecation ATTR_FALSE_VALUE) (2) 
  at <BFormSelect options= [Object, Object, Object, Object] size="sm" class="sort-select"  ... > 
  at <ResultHeader2 current-count=0 total-count=0 filters= {}  ... > 
  at <BCol md="9" class="results" > 
  at <BRow> 
  at <BOverlay rounded="sm" show=false variant="white"  ... > 
  at <BContainer fluid="md" class="mt-3" textQuery="water"  ... > 
  at <Search2 textQuery="water" resourceType=undefined exact="false"  ... > 
  at <RouterView> 
  at <App> @ http://localhost:5174/node_modules/.vite/deps/chunk-77GDWHOT.js?v=79eaa276:2209
[13315553ms] [WARNING] [Vue warn]: (deprecation INSTANCE_LISTENERS) (18) 
  at <BVTransition onAfter-enter=fn<afterEnter> onAfter-leave=fn<afterLeave> noFade=false  ... > 
  at <BOverlay rounded="sm" show=false variant="white"  ... > 
  at <BContainer fluid="md" class="mt-3" textQuery="water"  ... > 
  at <Search2 textQuery="water" resourceType=undefined exact="false"  ... > 
  at <RouterView> 
  at <App> @ http://localhost:5174/node_modules/.vite/deps/chunk-77GDWHOT.js?v=79eaa276:2209
[13315561ms] [WARNING] [Vue warn]: (deprecation CUSTOM_DIR) Custom directive hook "inserted" has been removed. Use "mounted" instead.
  Details: https://v3-migration.vuejs.org/breaking-changes/custom-directives.html @ http://localhost:5174/node_modules/.vite/deps/chunk-77GDWHOT.js?v=79eaa276:2209
[13315563ms] [WARNING] [Vue warn]: (deprecation ATTR_FALSE_VALUE) Attribute "checked" with v-bind value `false` will render checked="false" instead of removing it in Vue 3. To remove the attribute, use `null` or `undefined` instead. If the usage is intended, you can disable the compat behavior and suppress this warning with:

  configureCompat({ ATTR_FALSE_VALUE: false })

  Details: https://v3-migration.vuejs.org/breaking-changes/attribute-coercion.html 
  at <BFormCheckbox class="small" checked=false onModelCompat:input=fn > 
  at <BCol md="3" class="sidebar" > 
  at <BRow> 
  at <BOverlay rounded="sm" show=true variant="white"  ... > 
  at <BContainer fluid="md" class="mt-3" textQuery="water"  ... > 
  at <Search2 textQuery="water" resourceType=undefined exact="false"  ... > 
  at <RouterView> 
  at <App> @ http://localhost:5174/node_modules/.vite/deps/chunk-77GDWHOT.js?v=79eaa276:2209
[13315564ms] [WARNING] [Vue warn]: (deprecation COMPONENT_FUNCTIONAL) (13) 
  at <ResultHeader2 current-count=0 total-count=0 filters= {placenames: Proxy(Array)}  ... > 
  at <BCol md="9" class="results" > 
  at <BRow> 
  at <BOverlay rounded="sm" show=true variant="white"  ... > 
  at <BContainer fluid="md" class="mt-3" textQuery="water"  ... > 
  at <Search2 textQuery="water" resourceType=undefined exact="false"  ... > 
  at <RouterView> 
  at <App> @ http://localhost:5174/node_modules/.vite/deps/chunk-77GDWHOT.js?v=79eaa276:2209
[13315565ms] [WARNING] [Vue warn]: (deprecation INSTANCE_LISTENERS) (19) 
  at <BSpinner small="" class="me-2" > 
  at <ResultHeader2 current-count=0 total-count=0 filters= {placenames: Proxy(Array)}  ... > 
  at <BCol md="9" class="results" > 
  at <BRow> 
  at <BOverlay rounded="sm" show=true variant="white"  ... > 
  at <BContainer fluid="md" class="mt-3" textQuery="water"  ... > 
  at <Search2 textQuery="water" resourceType=undefined exact="false"  ... > 
  at <RouterView> 
  at <App> @ http://localhost:5174/node_modules/.vite/deps/chunk-77GDWHOT.js?v=79eaa276:2209
[13315565ms] [WARNING] [Vue warn]: (deprecation INSTANCE_LISTENERS) (20) 
  at <BBadge variant="secondary" class="me-1" > 
  at <ResultHeader2 current-count=0 total-count=0 filters= {placenames: Proxy(Array)}  ... > 
  at <BCol md="9" class="results" > 
  at <BRow> 
  at <BOverlay rounded="sm" show=true variant="white"  ... > 
  at <BContainer fluid="md" class="mt-3" textQuery="water"  ... > 
  at <Search2 textQuery="water" resourceType=undefined exact="false"  ... > 
  at <RouterView> 
  at <App> @ http://localhost:5174/node_modules/.vite/deps/chunk-77GDWHOT.js?v=79eaa276:2209
[13315565ms] [WARNING] [Vue warn]: (deprecation COMPONENT_FUNCTIONAL) (14) 
  at <Results2 results= [] loading=true > 
  at <BCol md="9" class="results" > 
  at <BRow> 
  at <BOverlay rounded="sm" show=true variant="white"  ... > 
  at <BContainer fluid="md" class="mt-3" textQuery="water"  ... > 
  at <Search2 textQuery="water" resourceType=undefined exact="false"  ... > 
  at <RouterView> 
  at <App> @ http://localhost:5174/node_modules/.vite/deps/chunk-77GDWHOT.js?v=79eaa276:2209
[13315566ms] [WARNING] [Vue warn]: (deprecation COMPONENT_FUNCTIONAL) (15) 
  at <BCollapse visible=false > 
  at <FacetText2 key=0 facet-config= {field: resourceType, title: Resource Type, sort: acs, open: false, type: text} > 
  at <Facets2 facets= [Object, Object, Object, Object, Object, Object, Object, Object] > 
  at <BCol md="3" class="sidebar" > 
  at <BRow> 
  at <BOverlay rounded="sm" show=true variant="white"  ... > 
  at <BContainer fluid="md" class="mt-3" textQuery="water"  ... > 
  at <Search2 textQuery="water" resourceType=undefined exact="false"  ... > 
  at <RouterView> 
  at <App> @ http://localhost:5174/node_modules/.vite/deps/chunk-77GDWHOT.js?v=79eaa276:2209
[13315960ms] [WARNING] [Vue warn]: (deprecation COMPONENT_FUNCTIONAL) (16) 
  at <ResultItem2 key="urn:gleaner.io:eco:iedadata:data:ca75fbf44284a65a9458778ef372a7c2bd58b62b" result= {g: urn:gleaner.io:eco:iedadata:data:ca75fbf44284a65a9458778ef372a7c2bd58b62b, subj: DOI:10.15784/601205, name: Algal pigment concentrations from the Ross Sea, description: Abstract: Algal pigment concentrations as measured…l B. Palmer cruise in the Ross Sea from 2017-2018, datep: 2019} index=0 > 
  at <Results2 results= [Object, Object, Object, Object, Object, Object, Object, Object, Object, Object, Object, Object, Object] loading=false > 
  at <BCol md="9" class="results" > 
  at <BRow> 
  at <BOverlay rounded="sm" show=false variant="white"  ... > 
  at <BContainer fluid="md" class="mt-3" textQuery="water"  ... > 
  at <Search2 textQuery="water" resourceType=undefined exact="false"  ... > 
  at <RouterView> 
  at <App> @ http://localhost:5174/node_modules/.vite/deps/chunk-77GDWHOT.js?v=79eaa276:2209
[13315961ms] [WARNING] [Vue warn]: (deprecation INSTANCE_LISTENERS) (21) 
  at <BCard class="result-item" > 
  at <ResultItem2 key="urn:gleaner.io:eco:iedadata:data:ca75fbf44284a65a9458778ef372a7c2bd58b62b" result= {g: urn:gleaner.io:eco:iedadata:data:ca75fbf44284a65a9458778ef372a7c2bd58b62b, subj: DOI:10.15784/601205, name: Algal pigment concentrations from the Ross Sea, description: Abstract: Algal pigment concentrations as measured…l B. Palmer cruise in the Ross Sea from 2017-2018, datep: 2019} index=0 > 
  at <Results2 results= [Object, Object, Object, Object, Object, Object, Object, Object, Object, Object, Object, Object, Object] loading=false > 
  at <BCol md="9" class="results" > 
  at <BRow> 
  at <BOverlay rounded="sm" show=false variant="white"  ... > 
  at <BContainer fluid="md" class="mt-3" textQuery="water"  ... > 
  at <Search2 textQuery="water" resourceType=undefined exact="false"  ... > 
  at <RouterView> 
  at <App> @ http://localhost:5174/node_modules/.vite/deps/chunk-77GDWHOT.js?v=79eaa276:2209
[13315963ms] [WARNING] [Vue warn]: (deprecation COMPONENT_FUNCTIONAL) (17) 
  at <BCard class="result-item" > 
  at <ResultItem2 key="urn:gleaner.io:eco:iedadata:data:ca75fbf44284a65a9458778ef372a7c2bd58b62b" result= {g: urn:gleaner.io:eco:iedadata:data:ca75fbf44284a65a9458778ef372a7c2bd58b62b, subj: DOI:10.15784/601205, name: Algal pigment concentrations from the Ross Sea, description: Abstract: Algal pigment concentrations as measured…l B. Palmer cruise in the Ross Sea from 2017-2018, datep: 2019} index=0 > 
  at <Results2 results= [Object, Object, Object, Object, Object, Object, Object, Object, Object, Object, Object, Object, Object] loading=false > 
  at <BCol md="9" class="results" > 
  at <BRow> 
  at <BOverlay rounded="sm" show=false variant="white"  ... > 
  at <BContainer fluid="md" class="mt-3" textQuery="water"  ... > 
  at <Search2 textQuery="water" resourceType=undefined exact="false"  ... > 
  at <RouterView> 
  at <App> @ http://localhost:5174/node_modules/.vite/deps/chunk-77GDWHOT.js?v=79eaa276:2209
[13315964ms] [WARNING] [Vue warn]: (deprecation INSTANCE_LISTENERS) (22) 
  at <BCardBody bodyBgVariant=undefined bodyBorderVariant=undefined bodyClass=undefined  ... > 
  at <BCard class="result-item" > 
  at <ResultItem2 key="urn:gleaner.io:eco:iedadata:data:ca75fbf44284a65a9458778ef372a7c2bd58b62b" result= {g: urn:gleaner.io:eco:iedadata:data:ca75fbf44284a65a9458778ef372a7c2bd58b62b, subj: DOI:10.15784/601205, name: Algal pigment concentrations from the Ross Sea, description: Abstract: Algal pigment concentrations as measured…l B. Palmer cruise in the Ross Sea from 2017-2018, datep: 2019} index=0 > 
  at <Results2 results= [Object, Object, Object, Object, Object, Object, Object, Object, Object, Object, Object, Object, Object] loading=false > 
  at <BCol md="9" class="results" > 
  at <BRow> 
  at <BOverlay rounded="sm" show=false variant="white"  ... > 
  at <BContainer fluid="md" class="mt-3" textQuery="water"  ... > 
  at <Search2 textQuery="water" resourceType=undefined exact="false"  ... > 
  at <RouterView> 
  at <App> @ http://localhost:5174/node_modules/.vite/deps/chunk-77GDWHOT.js?v=79eaa276:2209
[16178362ms] [WARNING] [Vue warn]: (deprecation CUSTOM_DIR) Custom directive hook "unbind" has been removed. Use "unmounted" instead.
  Details: https://v3-migration.vuejs.org/breaking-changes/custom-directives.html @ http://localhost:5174/node_modules/.vite/deps/chunk-77GDWHOT.js?v=79eaa276:2209
[20226616ms] [LOG] [vite] server connection lost. Polling for restart... @ http://localhost:5174/@vite/client:864
[20255620ms] [WARNING] [Vue warn]: (deprecation GLOBAL_EXTEND) Vue.extend() has been removed in Vue 3. Use defineComponent() instead.
  Details: https://vuejs.org/api/general.html#definecomponent @ http://localhost:5174/node_modules/.vite/deps/chunk-77GDWHOT.js?v=79eaa276:2209
[20255741ms] [WARNING] [Vue warn]: (deprecation GLOBAL_MOUNT) The global app bootstrapping API has changed: vm.$mount() and the "el" option have been removed. Use createApp(RootComponent).mount() instead.
  Details: https://v3-migration.vuejs.org/breaking-changes/global-api.html#mounting-app-instance @ http://localhost:5174/node_modules/.vite/deps/chunk-77GDWHOT.js?v=79eaa276:2209
[20255745ms] [WARNING] [Vue warn]: (deprecation WATCH_ARRAY) "watch" option or vm.$watch on an array value will no longer trigger on array mutation unless the "deep" option is specified. If current usage is intended, you can disable the compat behavior and suppress this warning with:

  configureCompat({ WATCH_ARRAY: false })

  Details: https://v3-migration.vuejs.org/breaking-changes/watch.html @ http://localhost:5174/node_modules/.vite/deps/chunk-77GDWHOT.js?v=79eaa276:2209
[20255828ms] [WARNING] [BootstrapVue warn]: Multiple instances of Vue detected!
You may need to set up an alias for Vue in your bundler config.
See: https://bootstrap-vue.org/docs#using-module-bundlers @ http://localhost:5174/node_modules/.vite/deps/bootstrap-vue.js?v=79eaa276:730
[20255828ms] [WARNING] [Vue warn]: (deprecation GLOBAL_PROTOTYPE) Vue.prototype is no longer available in Vue 3. Use app.config.globalProperties instead.
  Details: https://v3-migration.vuejs.org/breaking-changes/global-api.html#vue-prototype-replaced-by-config-globalproperties @ http://localhost:5174/node_modules/.vite/deps/chunk-77GDWHOT.js?v=79eaa276:2209
[20255830ms] [WARNING] [Vue warn]: Component "BFormRow" has already been registered in target app. @ http://localhost:5174/node_modules/.vite/deps/chunk-77GDWHOT.js?v=79eaa276:2209
[20255831ms] [WARNING] [Vue warn]: Plugin has already been applied to target app. @ http://localhost:5174/node_modules/.vite/deps/chunk-77GDWHOT.js?v=79eaa276:2209
[20255831ms] [WARNING] [Vue warn]: Plugin has already been applied to target app. @ http://localhost:5174/node_modules/.vite/deps/chunk-77GDWHOT.js?v=79eaa276:2209
[20255832ms] [WARNING] [Vue warn]: Plugin has already been applied to target app. @ http://localhost:5174/node_modules/.vite/deps/chunk-77GDWHOT.js?v=79eaa276:2209
[20255832ms] [WARNING] [Vue warn]: Plugin has already been applied to target app. @ http://localhost:5174/node_modules/.vite/deps/chunk-77GDWHOT.js?v=79eaa276:2209
[20255832ms] [WARNING] [Vue warn]: Plugin has already been applied to target app. @ http://localhost:5174/node_modules/.vite/deps/chunk-77GDWHOT.js?v=79eaa276:2209
[20255833ms] [WARNING] [Vue warn]: Directive "BModal" has already been registered in target app. @ http://localhost:5174/node_modules/.vite/deps/chunk-77GDWHOT.js?v=79eaa276:2209
[20255833ms] [WARNING] [Vue warn]: Plugin has already been applied to target app. @ http://localhost:5174/node_modules/.vite/deps/chunk-77GDWHOT.js?v=79eaa276:2209
[20255833ms] [WARNING] [Vue warn]: Plugin has already been applied to target app. @ http://localhost:5174/node_modules/.vite/deps/chunk-77GDWHOT.js?v=79eaa276:2209
[20255833ms] [WARNING] [Vue warn]: Plugin has already been applied to target app. @ http://localhost:5174/node_modules/.vite/deps/chunk-77GDWHOT.js?v=79eaa276:2209
[20255844ms] [WARNING] [Vue warn]: (deprecation CONFIG_DEVTOOLS) config.devtools has been removed. To enable devtools for production, configure the __VUE_PROD_DEVTOOLS__ compile-time flag.
  Details: https://github.com/vuejs/core/tree/main/packages/vue#bundler-build-feature-flags @ http://localhost:5174/node_modules/.vite/deps/chunk-77GDWHOT.js?v=79eaa276:2209
[20257660ms] [LOG] Trying to fetch tenant data @ http://localhost:5174/src/state.js:262
[20257704ms] [LOG] {tenant: Array(9)} @ http://localhost:5174/src/state.js:266
[20257708ms] [WARNING] [Vue warn]: (deprecation RENDER_FUNCTION) Vue 3's render function API has changed. You can opt-in to the new API with:

  configureCompat({ RENDER_FUNCTION: false })

  (This can also be done per-component via the "compatConfig" option.)
  Details: https://v3-migration.vuejs.org/breaking-changes/render-function-api.html 
  at <BNavbar toggleable="lg" type="dark" variant="primary"  ... > 
  at <NavHeader> 
  at <App> @ http://localhost:5174/node_modules/.vite/deps/chunk-77GDWHOT.js?v=79eaa276:2209
[20257710ms] [WARNING] [Vue warn]: (deprecation INSTANCE_SCOPED_SLOTS) vm.$scopedSlots has been removed. Use vm.$slots instead.
  Details: https://v3-migration.vuejs.org/breaking-changes/slots-unification.html 
  at <BNavbar toggleable="lg" type="dark" variant="primary"  ... > 
  at <NavHeader> 
  at <App> @ http://localhost:5174/node_modules/.vite/deps/chunk-77GDWHOT.js?v=79eaa276:2209
[20257711ms] [WARNING] [Vue warn]: (deprecation COMPONENT_FUNCTIONAL) Functional component <BContainer> should be defined as a plain function in Vue 3. The "functional" option has been removed. NOTE: Before migrating to use plain functions for functional components, first make sure that all async components usage have been migrated and its compat behavior has been disabled.
  Details: https://v3-migration.vuejs.org/breaking-changes/functional-components.html 
  at <BNavbar toggleable="lg" type="dark" variant="primary"  ... > 
  at <NavHeader> 
  at <App> @ http://localhost:5174/node_modules/.vite/deps/chunk-77GDWHOT.js?v=79eaa276:2209
[20257712ms] [WARNING] [Vue warn]: (deprecation INSTANCE_LISTENERS) vm.$listeners has been removed. In Vue 3, parent v-on listeners are included in vm.$attrs and it is no longer necessary to separately use v-on="$listeners" if you are already using v-bind="$attrs". (Note: the Vue 3 behavior only applies if this compat config is disabled)
  Details: https://v3-migration.vuejs.org/breaking-changes/listeners-removed.html 
  at <BContainer fluid="md" > 
  at <BNavbar toggleable="lg" type="dark" variant="primary"  ... > 
  at <NavHeader> 
  at <App> @ http://localhost:5174/node_modules/.vite/deps/chunk-77GDWHOT.js?v=79eaa276:2209
[20257713ms] [WARNING] [Vue warn]: (deprecation INSTANCE_LISTENERS) (2) 
  at <BNavbarNav class="d-lg-none" > 
  at <BContainer fluid="md" > 
  at <BNavbar toggleable="lg" type="dark" variant="primary"  ... > 
  at <NavHeader> 
  at <App> @ http://localhost:5174/node_modules/.vite/deps/chunk-77GDWHOT.js?v=79eaa276:2209
[20257715ms] [WARNING] [Vue warn]: (deprecation INSTANCE_LISTENERS) (3) 
  at <BNavItem class="mr-2" onClick=fn > 
  at <BNavbarNav class="d-lg-none" > 
  at <BContainer fluid="md" > 
  at <BNavbar toggleable="lg" type="dark" variant="primary"  ... > 
  at <NavHeader> 
  at <App> @ http://localhost:5174/node_modules/.vite/deps/chunk-77GDWHOT.js?v=79eaa276:2209
[20257717ms] [WARNING] [Vue warn]: (deprecation RENDER_FUNCTION) (2) 
  at <BLink class="nav-link" onClick=fn active=false  ... > 
  at <BNavItem class="mr-2" onClick=fn > 
  at <BNavbarNav class="d-lg-none" > 
  at <BContainer fluid="md" > 
  at <BNavbar toggleable="lg" type="dark" variant="primary"  ... > 
  at <NavHeader> 
  at <App> @ http://localhost:5174/node_modules/.vite/deps/chunk-77GDWHOT.js?v=79eaa276:2209
[20257718ms] [WARNING] [Vue warn]: (deprecation OPTIONS_DATA_MERGE) Detected conflicting key "bvListeners" when merging data option values. In Vue 3, data keys are merged shallowly and will override one another.
  Details: https://v3-migration.vuejs.org/breaking-changes/data-option.html#mixin-merge-behavior-change 
  at <BLink class="nav-link" onClick=fn active=false  ... > 
  at <BNavItem class="mr-2" onClick=fn > 
  at <BNavbarNav class="d-lg-none" > 
  at <BContainer fluid="md" > 
  at <BNavbar toggleable="lg" type="dark" variant="primary"  ... > 
  at <NavHeader> 
  at <App> @ http://localhost:5174/node_modules/.vite/deps/chunk-77GDWHOT.js?v=79eaa276:2209
[20257719ms] [WARNING] [Vue warn]: (deprecation INSTANCE_LISTENERS) (4) 
  at <BLink class="nav-link" onClick=fn active=false  ... > 
  at <BNavItem class="mr-2" onClick=fn > 
  at <BNavbarNav class="d-lg-none" > 
  at <BContainer fluid="md" > 
  at <BNavbar toggleable="lg" type="dark" variant="primary"  ... > 
  at <NavHeader> 
  at <App> @ http://localhost:5174/node_modules/.vite/deps/chunk-77GDWHOT.js?v=79eaa276:2209
[20257720ms] [WARNING] [Vue warn]: (deprecation OPTIONS_BEFORE_DESTROY) `beforeDestroy` has been renamed to `beforeUnmount`. 
  at <BLink class="nav-link" onClick=fn active=false  ... > 
  at <BNavItem class="mr-2" onClick=fn > 
  at <BNavbarNav class="d-lg-none" > 
  at <BContainer fluid="md" > 
  at <BNavbar toggleable="lg" type="dark" variant="primary"  ... > 
  at <NavHeader> 
  at <App> @ http://localhost:5174/node_modules/.vite/deps/chunk-77GDWHOT.js?v=79eaa276:2209
[20257721ms] [WARNING] [Vue warn]: (deprecation INSTANCE_SCOPED_SLOTS) (2) 
  at <BLink class="nav-link" onClick=fn active=false  ... > 
  at <BNavItem class="mr-2" onClick=fn > 
  at <BNavbarNav class="d-lg-none" > 
  at <BContainer fluid="md" > 
  at <BNavbar toggleable="lg" type="dark" variant="primary"  ... > 
  at <NavHeader> 
  at <App> @ http://localhost:5174/node_modules/.vite/deps/chunk-77GDWHOT.js?v=79eaa276:2209
[20257721ms] [WARNING] [Vue warn]: (deprecation INSTANCE_ATTRS_CLASS_STYLE) Component <BLink> has `inheritAttrs: false` but is relying on class/style fallthrough from parent. In Vue 3, class/style are now included in $attrs and will no longer fallthrough when inheritAttrs is false. If you are already using v-bind="$attrs" on component root it should render the same end result. If you are binding $attrs to a non-root element and expecting class/style to fallthrough on root, you will need to now manually bind them on root via :class="$attrs.class".
  Details: https://v3-migration.vuejs.org/breaking-changes/attrs-includes-class-style.html 
  at <BLink class="nav-link" onClick=fn active=false  ... > 
  at <BNavItem class="mr-2" onClick=fn > 
  at <BNavbarNav class="d-lg-none" > 
  at <BContainer fluid="md" > 
  at <BNavbar toggleable="lg" type="dark" variant="primary"  ... > 
  at <NavHeader> 
  at <App> @ http://localhost:5174/node_modules/.vite/deps/chunk-77GDWHOT.js?v=79eaa276:2209
[20257722ms] [WARNING] [Vue warn]: (deprecation INSTANCE_LISTENERS) (5) 
  at <BButton variant="outline-primary" > 
  at <BLink class="nav-link" onClick=fn active=false  ... > 
  at <BNavItem class="mr-2" onClick=fn > 
  at <BNavbarNav class="d-lg-none" > 
  at <BContainer fluid="md" > 
  at <BNavbar toggleable="lg" type="dark" variant="primary"  ... > 
  at <NavHeader> 
  at <App> @ http://localhost:5174/node_modules/.vite/deps/chunk-77GDWHOT.js?v=79eaa276:2209
[20257723ms] [WARNING] [Vue warn]: (deprecation INSTANCE_LISTENERS) (6) 
  at <BIcon icon="arrow-left" > 
  at <BButton variant="outline-primary" > 
  at <BLink class="nav-link" onClick=fn active=false  ... > 
  at <BNavItem class="mr-2" onClick=fn > 
  at <BNavbarNav class="d-lg-none" > 
  at <BContainer fluid="md" > 
  at <BNavbar toggleable="lg" type="dark" variant="primary"  ... > 
  at <NavHeader> 
  at <App> @ http://localhost:5174/node_modules/.vite/deps/chunk-77GDWHOT.js?v=79eaa276:2209
[20257724ms] [WARNING] [Vue warn]: (deprecation COMPONENT_FUNCTIONAL) (2) 
  at <BIcon icon="arrow-left" > 
  at <BButton variant="outline-primary" > 
  at <BLink class="nav-link" onClick=fn active=false  ... > 
  at <BNavItem class="mr-2" onClick=fn > 
  at <BNavbarNav class="d-lg-none" > 
  at <BContainer fluid="md" > 
  at <BNavbar toggleable="lg" type="dark" variant="primary"  ... > 
  at <NavHeader> 
  at <App> @ http://localhost:5174/node_modules/.vite/deps/chunk-77GDWHOT.js?v=79eaa276:2209
[20257725ms] [WARNING] [Vue warn]: (deprecation INSTANCE_LISTENERS) (7) 
  at <BIconBlank icon="arrow-left" animation=undefined flipH=false  ... > 
  at <BIcon icon="arrow-left" > 
  at <BButton variant="outline-primary" > 
  at <BLink class="nav-link" onClick=fn active=false  ... > 
  at <BNavItem class="mr-2" onClick=fn > 
  at <BNavbarNav class="d-lg-none" > 
  at <BContainer fluid="md" > 
  at <BNavbar toggleable="lg" type="dark" variant="primary"  ... > 
  at <NavHeader> 
  at <App> @ http://localhost:5174/node_modules/.vite/deps/chunk-77GDWHOT.js?v=79eaa276:2209
[20257726ms] [WARNING] [Vue warn]: (deprecation COMPONENT_FUNCTIONAL) (3) 
  at <BIconBlank icon="arrow-left" animation=undefined flipH=false  ... > 
  at <BIcon icon="arrow-left" > 
  at <BButton variant="outline-primary" > 
  at <BLink class="nav-link" onClick=fn active=false  ... > 
  at <BNavItem class="mr-2" onClick=fn > 
  at <BNavbarNav class="d-lg-none" > 
  at <BContainer fluid="md" > 
  at <BNavbar toggleable="lg" type="dark" variant="primary"  ... > 
  at <NavHeader> 
  at <App> @ http://localhost:5174/node_modules/.vite/deps/chunk-77GDWHOT.js?v=79eaa276:2209
[20257727ms] [WARNING] [Vue warn]: (deprecation INSTANCE_LISTENERS) (8) 
  at <BIconBase aria-label="blank" icon="arrow-left" title=undefined  ... > 
  at <BIconBlank icon="arrow-left" animation=undefined flipH=false  ... > 
  at <BIcon icon="arrow-left" > 
  at <BButton variant="outline-primary" > 
  at <BLink class="nav-link" onClick=fn active=false  ... > 
  at <BNavItem class="mr-2" onClick=fn > 
  at <BNavbarNav class="d-lg-none" > 
  at <BContainer fluid="md" > 
  at <BNavbar toggleable="lg" type="dark" variant="primary"  ... > 
  at <NavHeader> 
  at <App> @ http://localhost:5174/node_modules/.vite/deps/chunk-77GDWHOT.js?v=79eaa276:2209
[20257730ms] [WARNING] [Vue warn]: (deprecation INSTANCE_LISTENERS) (9) 
  at <BNavbarBrand href="https://www.earthcube.org/geocodes" target="_blank" class="mr-0" > 
  at <BContainer fluid="md" > 
  at <BNavbar toggleable="lg" type="dark" variant="primary"  ... > 
  at <NavHeader> 
  at <App> @ http://localhost:5174/node_modules/.vite/deps/chunk-77GDWHOT.js?v=79eaa276:2209
[20257736ms] [WARNING] [Vue warn]: (deprecation RENDER_FUNCTION) (3) 
  at <BNavbarToggle target="nav-collapse" > 
  at <BContainer fluid="md" > 
  at <BNavbar toggleable="lg" type="dark" variant="primary"  ... > 
  at <NavHeader> 
  at <App> @ http://localhost:5174/node_modules/.vite/deps/chunk-77GDWHOT.js?v=79eaa276:2209
[20257736ms] [WARNING] [Vue warn]: (deprecation INSTANCE_EVENT_EMITTER) vm.$on/$once/$off() have been removed. Use an external event emitter library instead.
  Details: https://v3-migration.vuejs.org/breaking-changes/events-api.html 
  at <BNavbarToggle target="nav-collapse" > 
  at <BContainer fluid="md" > 
  at <BNavbar toggleable="lg" type="dark" variant="primary"  ... > 
  at <NavHeader> 
  at <App> @ http://localhost:5174/node_modules/.vite/deps/chunk-77GDWHOT.js?v=79eaa276:2209
[20257737ms] [WARNING] [Vue warn]: (deprecation OPTIONS_BEFORE_DESTROY) (2) 
  at <BNavbarToggle target="nav-collapse" > 
  at <BContainer fluid="md" > 
  at <BNavbar toggleable="lg" type="dark" variant="primary"  ... > 
  at <NavHeader> 
  at <App> @ http://localhost:5174/node_modules/.vite/deps/chunk-77GDWHOT.js?v=79eaa276:2209
[20257738ms] [WARNING] [Vue warn]: (deprecation INSTANCE_SCOPED_SLOTS) (3) 
  at <BNavbarToggle target="nav-collapse" > 
  at <BContainer fluid="md" > 
  at <BNavbar toggleable="lg" type="dark" variant="primary"  ... > 
  at <NavHeader> 
  at <App> @ http://localhost:5174/node_modules/.vite/deps/chunk-77GDWHOT.js?v=79eaa276:2209
[20257738ms] [WARNING] [Vue warn]: (deprecation CUSTOM_DIR) Custom directive hook "bind" has been removed. Use "beforeMount" instead.
  Details: https://v3-migration.vuejs.org/breaking-changes/custom-directives.html 
  at <BNavbarToggle target="nav-collapse" > 
  at <BContainer fluid="md" > 
  at <BNavbar toggleable="lg" type="dark" variant="primary"  ... > 
  at <NavHeader> 
  at <App> @ http://localhost:5174/node_modules/.vite/deps/chunk-77GDWHOT.js?v=79eaa276:2209
[20257740ms] [WARNING] [Vue warn]: (deprecation RENDER_FUNCTION) (4) 
  at <BCollapse id="nav-collapse" is-nav="" > 
  at <BContainer fluid="md" > 
  at <BNavbar toggleable="lg" type="dark" variant="primary"  ... > 
  at <NavHeader> 
  at <App> @ http://localhost:5174/node_modules/.vite/deps/chunk-77GDWHOT.js?v=79eaa276:2209
[20257741ms] [WARNING] [Vue warn]: (deprecation OPTIONS_BEFORE_DESTROY) (3) 
  at <BCollapse id="nav-collapse" is-nav="" > 
  at <BContainer fluid="md" > 
  at <BNavbar toggleable="lg" type="dark" variant="primary"  ... > 
  at <NavHeader> 
  at <App> @ http://localhost:5174/node_modules/.vite/deps/chunk-77GDWHOT.js?v=79eaa276:2209
[20257742ms] [WARNING] [Vue warn]: (deprecation INSTANCE_SCOPED_SLOTS) (4) 
  at <BCollapse id="nav-collapse" is-nav="" > 
  at <BContainer fluid="md" > 
  at <BNavbar toggleable="lg" type="dark" variant="primary"  ... > 
  at <NavHeader> 
  at <App> @ http://localhost:5174/node_modules/.vite/deps/chunk-77GDWHOT.js?v=79eaa276:2209
[20257743ms] [WARNING] [Vue warn]: (deprecation COMPONENT_FUNCTIONAL) (4) 
  at <BCollapse id="nav-collapse" is-nav="" > 
  at <BContainer fluid="md" > 
  at <BNavbar toggleable="lg" type="dark" variant="primary"  ... > 
  at <NavHeader> 
  at <App> @ http://localhost:5174/node_modules/.vite/deps/chunk-77GDWHOT.js?v=79eaa276:2209
[20257743ms] [WARNING] [Vue warn]: (deprecation INSTANCE_LISTENERS) (10) 
  at <BVCollapse onEnter=fn<bound onEnter3> onAfterEnter=fn<bound onAfterEnter3> onLeave=fn<bound onLeave3>  ... > 
  at <BCollapse id="nav-collapse" is-nav="" > 
  at <BContainer fluid="md" > 
  at <BNavbar toggleable="lg" type="dark" variant="primary"  ... > 
  at <NavHeader> 
  at <App> @ http://localhost:5174/node_modules/.vite/deps/chunk-77GDWHOT.js?v=79eaa276:2209
[20257746ms] [WARNING] [Vue warn]: (deprecation INSTANCE_LISTENERS) (11) 
  at <BNavForm onSubmit=fn > 
  at <BNavbarNav class="ml-auto menu_nav" > 
  at <BaseTransition onEnter=fn onAfterEnter= [, ] onLeave=fn<onLeave>  ... > 
  at <Transition onEnter= [, ] onAfterEnter= [, ] onLeave= [, ]  ... > 
  at <BVCollapse onEnter=fn<bound onEnter3> onAfterEnter=fn<bound onAfterEnter3> onLeave=fn<bound onLeave3>  ... > 
  at <BCollapse id="nav-collapse" is-nav="" > 
  at <BContainer fluid="md" > 
  at <BNavbar toggleable="lg" type="dark" variant="primary"  ... > 
  at <NavHeader> 
  at <App> @ http://localhost:5174/node_modules/.vite/deps/chunk-77GDWHOT.js?v=79eaa276:2209
[20257747ms] [WARNING] [Vue warn]: (deprecation COMPONENT_FUNCTIONAL) (5) 
  at <BNavForm onSubmit=fn > 
  at <BNavbarNav class="ml-auto menu_nav" > 
  at <BaseTransition onEnter=fn onAfterEnter= [, ] onLeave=fn<onLeave>  ... > 
  at <Transition onEnter= [, ] onAfterEnter= [, ] onLeave= [, ]  ... > 
  at <BVCollapse onEnter=fn<bound onEnter3> onAfterEnter=fn<bound onAfterEnter3> onLeave=fn<bound onLeave3>  ... > 
  at <BCollapse id="nav-collapse" is-nav="" > 
  at <BContainer fluid="md" > 
  at <BNavbar toggleable="lg" type="dark" variant="primary"  ... > 
  at <NavHeader> 
  at <App> @ http://localhost:5174/node_modules/.vite/deps/chunk-77GDWHOT.js?v=79eaa276:2209
[20257748ms] [WARNING] [Vue warn]: (deprecation INSTANCE_LISTENERS) (12) 
  at <BForm class=undefined onSubmit=fn id=undefined  ... > 
  at <BNavForm onSubmit=fn > 
  at <BNavbarNav class="ml-auto menu_nav" > 
  at <BaseTransition onEnter=fn onAfterEnter= [, ] onLeave=fn<onLeave>  ... > 
  at <Transition onEnter= [, ] onAfterEnter= [, ] onLeave= [, ]  ... > 
  at <BVCollapse onEnter=fn<bound onEnter3> onAfterEnter=fn<bound onAfterEnter3> onLeave=fn<bound onLeave3>  ... > 
  at <BCollapse id="nav-collapse" is-nav="" > 
  at <BContainer fluid="md" > 
  at <BNavbar toggleable="lg" type="dark" variant="primary"  ... > 
  at <NavHeader> 
  at <App> @ http://localhost:5174/node_modules/.vite/deps/chunk-77GDWHOT.js?v=79eaa276:2209
[20257750ms] [WARNING] [Vue warn]: (deprecation INSTANCE_LISTENERS) (13) 
  at <BInputGroup size="sm" > 
  at <BForm class=undefined onSubmit=fn id=undefined  ... > 
  at <BNavForm onSubmit=fn > 
  at <BNavbarNav class="ml-auto menu_nav" > 
  at <BaseTransition onEnter=fn onAfterEnter= [, ] onLeave=fn<onLeave>  ... > 
  at <Transition onEnter= [, ] onAfterEnter= [, ] onLeave= [, ]  ... > 
  at <BVCollapse onEnter=fn<bound onEnter3> onAfterEnter=fn<bound onAfterEnter3> onLeave=fn<bound onLeave3>  ... > 
  at <BCollapse id="nav-collapse" is-nav="" > 
  at <BContainer fluid="md" > 
  at <BNavbar toggleable="lg" type="dark" variant="primary"  ... > 
  at <NavHeader> 
  at <App> @ http://localhost:5174/node_modules/.vite/deps/chunk-77GDWHOT.js?v=79eaa276:2209
[20257751ms] [WARNING] [Vue warn]: (deprecation COMPONENT_V_MODEL) v-model usage on component has changed in Vue 3. Component that expects to work with v-model should now use the "modelValue" prop and emit the "update:modelValue" event. You can update the usage and then opt-in to Vue 3 behavior on a per-component basis with `compatConfig: { COMPONENT_V_MODEL: false }`.
  Details: https://v3-migration.vuejs.org/breaking-changes/v-model.html 
  at <BFormInput modelValue="" onUpdate:modelValue=fn type="search"  ... > @ http://localhost:5174/node_modules/.vite/deps/chunk-77GDWHOT.js?v=79eaa276:2209
[20257753ms] [WARNING] [Vue warn]: (deprecation RENDER_FUNCTION) (5) 
  at <BFormInput type="search" placeholder="Search" onKeydown=fn  ... > 
  at <BInputGroup size="sm" > 
  at <BForm class=undefined onSubmit=fn id=undefined  ... > 
  at <BNavForm onSubmit=fn > 
  at <BNavbarNav class="ml-auto menu_nav" > 
  at <BaseTransition onEnter=fn onAfterEnter= [, ] onLeave=fn<onLeave>  ... > 
  at <Transition onEnter= [, ] onAfterEnter= [, ] onLeave= [, ]  ... > 
  at <BVCollapse onEnter=fn<bound onEnter3> onAfterEnter=fn<bound onAfterEnter3> onLeave=fn<bound onLeave3>  ... > 
  at <BCollapse id="nav-collapse" is-nav="" > 
  at <BContainer fluid="md" > 
  at <BNavbar toggleable="lg" type="dark" variant="primary"  ... > 
  at <NavHeader> 
  at <App> @ http://localhost:5174/node_modules/.vite/deps/chunk-77GDWHOT.js?v=79eaa276:2209
[20257754ms] [WARNING] [Vue warn]: (deprecation OPTIONS_DATA_MERGE) (2) 
  at <BFormInput type="search" placeholder="Search" onKeydown=fn  ... > 
  at <BInputGroup size="sm" > 
  at <BForm class=undefined onSubmit=fn id=undefined  ... > 
  at <BNavForm onSubmit=fn > 
  at <BNavbarNav class="ml-auto menu_nav" > 
  at <BaseTransition onEnter=fn onAfterEnter= [, ] onLeave=fn<onLeave>  ... > 
  at <Transition onEnter= [, ] onAfterEnter= [, ] onLeave= [, ]  ... > 
  at <BVCollapse onEnter=fn<bound onEnter3> onAfterEnter=fn<bound onAfterEnter3> onLeave=fn<bound onLeave3>  ... > 
  at <BCollapse id="nav-collapse" is-nav="" > 
  at <BContainer fluid="md" > 
  at <BNavbar toggleable="lg" type="dark" variant="primary"  ... > 
  at <NavHeader> 
  at <App> @ http://localhost:5174/node_modules/.vite/deps/chunk-77GDWHOT.js?v=79eaa276:2209
[20257755ms] [WARNING] [Vue warn]: (deprecation INSTANCE_LISTENERS) (14) 
  at <BFormInput type="search" placeholder="Search" onKeydown=fn  ... > 
  at <BInputGroup size="sm" > 
  at <BForm class=undefined onSubmit=fn id=undefined  ... > 
  at <BNavForm onSubmit=fn > 
  at <BNavbarNav class="ml-auto menu_nav" > 
  at <BaseTransition onEnter=fn onAfterEnter= [, ] onLeave=fn<onLeave>  ... > 
  at <Transition onEnter= [, ] onAfterEnter= [, ] onLeave= [, ]  ... > 
  at <BVCollapse onEnter=fn<bound onEnter3> onAfterEnter=fn<bound onAfterEnter3> onLeave=fn<bound onLeave3>  ... > 
  at <BCollapse id="nav-collapse" is-nav="" > 
  at <BContainer fluid="md" > 
  at <BNavbar toggleable="lg" type="dark" variant="primary"  ... > 
  at <NavHeader> 
  at <App> @ http://localhost:5174/node_modules/.vite/deps/chunk-77GDWHOT.js?v=79eaa276:2209
[20257756ms] [WARNING] [Vue warn]: (deprecation OPTIONS_BEFORE_DESTROY) (4) 
  at <BFormInput type="search" placeholder="Search" onKeydown=fn  ... > 
  at <BInputGroup size="sm" > 
  at <BForm class=undefined onSubmit=fn id=undefined  ... > 
  at <BNavForm onSubmit=fn > 
  at <BNavbarNav class="ml-auto menu_nav" > 
  at <BaseTransition onEnter=fn onAfterEnter= [, ] onLeave=fn<onLeave>  ... > 
  at <Transition onEnter= [, ] onAfterEnter= [, ] onLeave= [, ]  ... > 
  at <BVCollapse onEnter=fn<bound onEnter3> onAfterEnter=fn<bound onAfterEnter3> onLeave=fn<bound onLeave3>  ... > 
  at <BCollapse id="nav-collapse" is-nav="" > 
  at <BContainer fluid="md" > 
  at <BNavbar toggleable="lg" type="dark" variant="primary"  ... > 
  at <NavHeader> 
  at <App> @ http://localhost:5174/node_modules/.vite/deps/chunk-77GDWHOT.js?v=79eaa276:2209
[20257758ms] [WARNING] [Vue warn]: (deprecation ATTR_FALSE_VALUE) Attribute "aria-invalid" with v-bind value `false` will render aria-invalid="false" instead of removing it in Vue 3. To remove the attribute, use `null` or `undefined` instead. If the usage is intended, you can disable the compat behavior and suppress this warning with:

  configureCompat({ ATTR_FALSE_VALUE: false })

  Details: https://v3-migration.vuejs.org/breaking-changes/attribute-coercion.html 
  at <BFormInput type="search" placeholder="Search" onKeydown=fn  ... > 
  at <BInputGroup size="sm" > 
  at <BForm class=undefined onSubmit=fn id=undefined  ... > 
  at <BNavForm onSubmit=fn > 
  at <BNavbarNav class="ml-auto menu_nav" > 
  at <BaseTransition onEnter=fn onAfterEnter= [, ] onLeave=fn<onLeave>  ... > 
  at <Transition onEnter= [, ] onAfterEnter= [, ] onLeave= [, ]  ... > 
  at <BVCollapse onEnter=fn<bound onEnter3> onAfterEnter=fn<bound onAfterEnter3> onLeave=fn<bound onLeave3>  ... > 
  at <BCollapse id="nav-collapse" is-nav="" > 
  at <BContainer fluid="md" > 
  at <BNavbar toggleable="lg" type="dark" variant="primary"  ... > 
  at <NavHeader> 
  at <App> @ http://localhost:5174/node_modules/.vite/deps/chunk-77GDWHOT.js?v=79eaa276:2209
[20257760ms] [WARNING] [Vue warn]: (deprecation INSTANCE_LISTENERS) (15) 
  at <BInputGroupAppend> 
  at <BInputGroup size="sm" > 
  at <BForm class=undefined onSubmit=fn id=undefined  ... > 
  at <BNavForm onSubmit=fn > 
  at <BNavbarNav class="ml-auto menu_nav" > 
  at <BaseTransition onEnter=fn onAfterEnter= [, ] onLeave=fn<onLeave>  ... > 
  at <Transition onEnter= [, ] onAfterEnter= [, ] onLeave= [, ]  ... > 
  at <BVCollapse onEnter=fn<bound onEnter3> onAfterEnter=fn<bound onAfterEnter3> onLeave=fn<bound onLeave3>  ... > 
  at <BCollapse id="nav-collapse" is-nav="" > 
  at <BContainer fluid="md" > 
  at <BNavbar toggleable="lg" type="dark" variant="primary"  ... > 
  at <NavHeader> 
  at <App> @ http://localhost:5174/node_modules/.vite/deps/chunk-77GDWHOT.js?v=79eaa276:2209
[20257761ms] [WARNING] [Vue warn]: (deprecation COMPONENT_FUNCTIONAL) (6) 
  at <BInputGroupAppend> 
  at <BInputGroup size="sm" > 
  at <BForm class=undefined onSubmit=fn id=undefined  ... > 
  at <BNavForm onSubmit=fn > 
  at <BNavbarNav class="ml-auto menu_nav" > 
  at <BaseTransition onEnter=fn onAfterEnter= [, ] onLeave=fn<onLeave>  ... > 
  at <Transition onEnter= [, ] onAfterEnter= [, ] onLeave= [, ]  ... > 
  at <BVCollapse onEnter=fn<bound onEnter3> onAfterEnter=fn<bound onAfterEnter3> onLeave=fn<bound onLeave3>  ... > 
  at <BCollapse id="nav-collapse" is-nav="" > 
  at <BContainer fluid="md" > 
  at <BNavbar toggleable="lg" type="dark" variant="primary"  ... > 
  at <NavHeader> 
  at <App> @ http://localhost:5174/node_modules/.vite/deps/chunk-77GDWHOT.js?v=79eaa276:2209
[20257762ms] [WARNING] [Vue warn]: (deprecation INSTANCE_LISTENERS) (16) 
  at <BInputGroupAddon id=undefined isText=false tag="div"  ... > 
  at <BInputGroupAppend> 
  at <BInputGroup size="sm" > 
  at <BForm class=undefined onSubmit=fn id=undefined  ... > 
  at <BNavForm onSubmit=fn > 
  at <BNavbarNav class="ml-auto menu_nav" > 
  at <BaseTransition onEnter=fn onAfterEnter= [, ] onLeave=fn<onLeave>  ... > 
  at <Transition onEnter= [, ] onAfterEnter= [, ] onLeave= [, ]  ... > 
  at <BVCollapse onEnter=fn<bound onEnter3> onAfterEnter=fn<bound onAfterEnter3> onLeave=fn<bound onLeave3>  ... > 
  at <BCollapse id="nav-collapse" is-nav="" > 
  at <BContainer fluid="md" > 
  at <BNavbar toggleable="lg" type="dark" variant="primary"  ... > 
  at <NavHeader> 
  at <App> @ http://localhost:5174/node_modules/.vite/deps/chunk-77GDWHOT.js?v=79eaa276:2209
[20257766ms] [WARNING] [Vue warn]: (deprecation RENDER_FUNCTION) (6) 
  at <BDropdown text="SPARQL" variant="primary" > 
  at <BNavbarNav class="ml-auto menu_nav" > 
  at <BaseTransition onEnter=fn onAfterEnter= [, ] onLeave=fn<onLeave>  ... > 
  at <Transition onEnter= [, ] onAfterEnter= [, ] onLeave= [, ]  ... > 
  at <BVCollapse onEnter=fn<bound onEnter3> onAfterEnter=fn<bound onAfterEnter3> onLeave=fn<bound onLeave3>  ... > 
  at <BCollapse id="nav-collapse" is-nav="" > 
  at <BContainer fluid="md" > 
  at <BNavbar toggleable="lg" type="dark" variant="primary"  ... > 
  at <NavHeader> 
  at <App> @ http://localhost:5174/node_modules/.vite/deps/chunk-77GDWHOT.js?v=79eaa276:2209
[20257768ms] [WARNING] [Vue warn]: (deprecation OPTIONS_BEFORE_DESTROY) (5) 
  at <BDropdown text="SPARQL" variant="primary" > 
  at <BNavbarNav class="ml-auto menu_nav" > 
  at <BaseTransition onEnter=fn onAfterEnter= [, ] onLeave=fn<onLeave>  ... > 
  at <Transition onEnter= [, ] onAfterEnter= [, ] onLeave= [, ]  ... > 
  at <BVCollapse onEnter=fn<bound onEnter3> onAfterEnter=fn<bound onAfterEnter3> onLeave=fn<bound onLeave3>  ... > 
  at <BCollapse id="nav-collapse" is-nav="" > 
  at <BContainer fluid="md" > 
  at <BNavbar toggleable="lg" type="dark" variant="primary"  ... > 
  at <NavHeader> 
  at <App> @ http://localhost:5174/node_modules/.vite/deps/chunk-77GDWHOT.js?v=79eaa276:2209
[20257769ms] [WARNING] [Vue warn]: (deprecation INSTANCE_SCOPED_SLOTS) (5) 
  at <BDropdown text="SPARQL" variant="primary" > 
  at <BNavbarNav class="ml-auto menu_nav" > 
  at <BaseTransition onEnter=fn onAfterEnter= [, ] onLeave=fn<onLeave>  ... > 
  at <Transition onEnter= [, ] onAfterEnter= [, ] onLeave= [, ]  ... > 
  at <BVCollapse onEnter=fn<bound onEnter3> onAfterEnter=fn<bound onAfterEnter3> onLeave=fn<bound onLeave3>  ... > 
  at <BCollapse id="nav-collapse" is-nav="" > 
  at <BContainer fluid="md" > 
  at <BNavbar toggleable="lg" type="dark" variant="primary"  ... > 
  at <NavHeader> 
  at <App> @ http://localhost:5174/node_modules/.vite/deps/chunk-77GDWHOT.js?v=79eaa276:2209
[20257770ms] [WARNING] [Vue warn]: (deprecation COMPONENT_FUNCTIONAL) (7) 
  at <BDropdown text="SPARQL" variant="primary" > 
  at <BNavbarNav class="ml-auto menu_nav" > 
  at <BaseTransition onEnter=fn onAfterEnter= [, ] onLeave=fn<onLeave>  ... > 
  at <Transition onEnter= [, ] onAfterEnter= [, ] onLeave= [, ]  ... > 
  at <BVCollapse onEnter=fn<bound onEnter3> onAfterEnter=fn<bound onAfterEnter3> onLeave=fn<bound onLeave3>  ... > 
  at <BCollapse id="nav-collapse" is-nav="" > 
  at <BContainer fluid="md" > 
  at <BNavbar toggleable="lg" type="dark" variant="primary"  ... > 
  at <NavHeader> 
  at <App> @ http://localhost:5174/node_modules/.vite/deps/chunk-77GDWHOT.js?v=79eaa276:2209
[20257773ms] [WARNING] [Vue warn]: (deprecation RENDER_FUNCTION) (7) 
  at <BDropdownItem target="_blank" onClick=fn > 
  at <BDropdown text="SPARQL" variant="primary" > 
  at <BNavbarNav class="ml-auto menu_nav" > 
  at <BaseTransition onEnter=fn onAfterEnter= [, ] onLeave=fn<onLeave>  ... > 
  at <Transition onEnter= [, ] onAfterEnter= [, ] onLeave= [, ]  ... > 
  at <BVCollapse onEnter=fn<bound onEnter3> onAfterEnter=fn<bound onAfterEnter3> onLeave=fn<bound onLeave3>  ... > 
  at <BCollapse id="nav-collapse" is-nav="" > 
  at <BContainer fluid="md" > 
  at <BNavbar toggleable="lg" type="dark" variant="primary"  ... > 
  at <NavHeader> 
  at <App> @ http://localhost:5174/node_modules/.vite/deps/chunk-77GDWHOT.js?v=79eaa276:2209
[20257774ms] [WARNING] [Vue warn]: (deprecation INSTANCE_SCOPED_SLOTS) (6) 
  at <BDropdownItem target="_blank" onClick=fn > 
  at <BDropdown text="SPARQL" variant="primary" > 
  at <BNavbarNav class="ml-auto menu_nav" > 
  at <BaseTransition onEnter=fn onAfterEnter= [, ] onLeave=fn<onLeave>  ... > 
  at <Transition onEnter= [, ] onAfterEnter= [, ] onLeave= [, ]  ... > 
  at <BVCollapse onEnter=fn<bound onEnter3> onAfterEnter=fn<bound onAfterEnter3> onLeave=fn<bound onLeave3>  ... > 
  at <BCollapse id="nav-collapse" is-nav="" > 
  at <BContainer fluid="md" > 
  at <BNavbar toggleable="lg" type="dark" variant="primary"  ... > 
  at <NavHeader> 
  at <App> @ http://localhost:5174/node_modules/.vite/deps/chunk-77GDWHOT.js?v=79eaa276:2209
[20257782ms] [WARNING] [Vue warn]: (deprecation COMPONENT_FUNCTIONAL) (8) 
  at <Search2 textQuery="water" resourceType=undefined exact="false"  ... > 
  at <RouterView> 
  at <App> @ http://localhost:5174/node_modules/.vite/deps/chunk-77GDWHOT.js?v=79eaa276:2209
[20257783ms] [WARNING] [Vue warn]: (deprecation RENDER_FUNCTION) (8) 
  at <BOverlay rounded="sm" show=false variant="white"  ... > 
  at <BContainer fluid="md" class="mt-3" textQuery="water"  ... > 
  at <Search2 textQuery="water" resourceType=undefined exact="false"  ... > 
  at <RouterView> 
  at <App> @ http://localhost:5174/node_modules/.vite/deps/chunk-77GDWHOT.js?v=79eaa276:2209
[20257783ms] [WARNING] [Vue warn]: (deprecation COMPONENT_FUNCTIONAL) (9) 
  at <BOverlay rounded="sm" show=false variant="white"  ... > 
  at <BContainer fluid="md" class="mt-3" textQuery="water"  ... > 
  at <Search2 textQuery="water" resourceType=undefined exact="false"  ... > 
  at <RouterView> 
  at <App> @ http://localhost:5174/node_modules/.vite/deps/chunk-77GDWHOT.js?v=79eaa276:2209
[20257784ms] [WARNING] [Vue warn]: (deprecation INSTANCE_SCOPED_SLOTS) (7) 
  at <BOverlay rounded="sm" show=false variant="white"  ... > 
  at <BContainer fluid="md" class="mt-3" textQuery="water"  ... > 
  at <Search2 textQuery="water" resourceType=undefined exact="false"  ... > 
  at <RouterView> 
  at <App> @ http://localhost:5174/node_modules/.vite/deps/chunk-77GDWHOT.js?v=79eaa276:2209
[20257788ms] [WARNING] [Vue warn]: (deprecation COMPONENT_V_MODEL) (2) 
  at <BFormCheckbox modelValue=true onUpdate:modelValue=fn class="small" > @ http://localhost:5174/node_modules/.vite/deps/chunk-77GDWHOT.js?v=79eaa276:2209
[20257792ms] [WARNING] [Vue warn]: (deprecation RENDER_FUNCTION) (9) 
  at <BFormCheckbox class="small" checked=true onModelCompat:input=fn > 
  at <BCol md="3" class="sidebar" > 
  at <BRow> 
  at <BOverlay rounded="sm" show=false variant="white"  ... > 
  at <BContainer fluid="md" class="mt-3" textQuery="water"  ... > 
  at <Search2 textQuery="water" resourceType=undefined exact="false"  ... > 
  at <RouterView> 
  at <App> @ http://localhost:5174/node_modules/.vite/deps/chunk-77GDWHOT.js?v=79eaa276:2209
[20257793ms] [WARNING] [Vue warn]: (deprecation INSTANCE_SCOPED_SLOTS) (8) 
  at <BFormCheckbox class="small" checked=true onModelCompat:input=fn > 
  at <BCol md="3" class="sidebar" > 
  at <BRow> 
  at <BOverlay rounded="sm" show=false variant="white"  ... > 
  at <BContainer fluid="md" class="mt-3" textQuery="water"  ... > 
  at <Search2 textQuery="water" resourceType=undefined exact="false"  ... > 
  at <RouterView> 
  at <App> @ http://localhost:5174/node_modules/.vite/deps/chunk-77GDWHOT.js?v=79eaa276:2209
[20257795ms] [WARNING] [Vue warn]: (deprecation INSTANCE_ATTRS_CLASS_STYLE) Component <BFormCheckbox> has `inheritAttrs: false` but is relying on class/style fallthrough from parent. In Vue 3, class/style are now included in $attrs and will no longer fallthrough when inheritAttrs is false. If you are already using v-bind="$attrs" on component root it should render the same end result. If you are binding $attrs to a non-root element and expecting class/style to fallthrough on root, you will need to now manually bind them on root via :class="$attrs.class".
  Details: https://v3-migration.vuejs.org/breaking-changes/attrs-includes-class-style.html 
  at <BFormCheckbox class="small" checked=true onModelCompat:input=fn > 
  at <BCol md="3" class="sidebar" > 
  at <BRow> 
  at <BOverlay rounded="sm" show=false variant="white"  ... > 
  at <BContainer fluid="md" class="mt-3" textQuery="water"  ... > 
  at <Search2 textQuery="water" resourceType=undefined exact="false"  ... > 
  at <RouterView> 
  at <App> @ http://localhost:5174/node_modules/.vite/deps/chunk-77GDWHOT.js?v=79eaa276:2209
[20257810ms] [WARNING] [Vue warn]: (deprecation COMPONENT_FUNCTIONAL) (10) 
  at <BCollapse visible=true > 
  at <GeoBoundingBoxPicker2 facet-config= {field: spatialCoverage, title: Spatial Filter, sort: acs, open: true, type: geo} > 
  at <Facets2 facets= [Object, Object, Object, Object, Object, Object, Object, Object] > 
  at <BCol md="3" class="sidebar" > 
  at <BRow> 
  at <BOverlay rounded="sm" show=false variant="white"  ... > 
  at <BContainer fluid="md" class="mt-3" textQuery="water"  ... > 
  at <Search2 textQuery="water" resourceType=undefined exact="false"  ... > 
  at <RouterView> 
  at <App> @ http://localhost:5174/node_modules/.vite/deps/chunk-77GDWHOT.js?v=79eaa276:2209
[20257813ms] [WARNING] [Vue warn]: (deprecation COMPONENT_FUNCTIONAL) (11) 
  at <Feedback subject="Search" name="" urn="" > 
  at <BCol md="3" class="sidebar" > 
  at <BRow> 
  at <BOverlay rounded="sm" show=false variant="white"  ... > 
  at <BContainer fluid="md" class="mt-3" textQuery="water"  ... > 
  at <Search2 textQuery="water" resourceType=undefined exact="false"  ... > 
  at <RouterView> 
  at <App> @ http://localhost:5174/node_modules/.vite/deps/chunk-77GDWHOT.js?v=79eaa276:2209
[20257814ms] [WARNING] [Vue warn]: (deprecation RENDER_FUNCTION) (10) 
  at <BModal id="feedback-modal" ref="modal" size="lg"  ... > 
  at <Feedback subject="Search" name="" urn="" > 
  at <BCol md="3" class="sidebar" > 
  at <BRow> 
  at <BOverlay rounded="sm" show=false variant="white"  ... > 
  at <BContainer fluid="md" class="mt-3" textQuery="water"  ... > 
  at <Search2 textQuery="water" resourceType=undefined exact="false"  ... > 
  at <RouterView> 
  at <App> @ http://localhost:5174/node_modules/.vite/deps/chunk-77GDWHOT.js?v=79eaa276:2209
[20257816ms] [WARNING] [Vue warn]: (deprecation OPTIONS_BEFORE_DESTROY) (6) 
  at <BModal id="feedback-modal" ref="modal" size="lg"  ... > 
  at <Feedback subject="Search" name="" urn="" > 
  at <BCol md="3" class="sidebar" > 
  at <BRow> 
  at <BOverlay rounded="sm" show=false variant="white"  ... > 
  at <BContainer fluid="md" class="mt-3" textQuery="water"  ... > 
  at <Search2 textQuery="water" resourceType=undefined exact="false"  ... > 
  at <RouterView> 
  at <App> @ http://localhost:5174/node_modules/.vite/deps/chunk-77GDWHOT.js?v=79eaa276:2209
[20257818ms] [WARNING] [Vue warn]: (deprecation COMPONENT_V_MODEL) (3) 
  at <BFormSelect modelValue="score" onUpdate:modelValue=fn options= [Object, Object, Object, Object]  ... > @ http://localhost:5174/node_modules/.vite/deps/chunk-77GDWHOT.js?v=79eaa276:2209
[20257819ms] [WARNING] [Vue warn]: (deprecation RENDER_FUNCTION) (11) 
  at <BFormSelect options= [Object, Object, Object, Object] size="sm" class="sort-select"  ... > 
  at <ResultHeader2 current-count=0 total-count=0 filters= {}  ... > 
  at <BCol md="9" class="results" > 
  at <BRow> 
  at <BOverlay rounded="sm" show=false variant="white"  ... > 
  at <BContainer fluid="md" class="mt-3" textQuery="water"  ... > 
  at <Search2 textQuery="water" resourceType=undefined exact="false"  ... > 
  at <RouterView> 
  at <App> @ http://localhost:5174/node_modules/.vite/deps/chunk-77GDWHOT.js?v=79eaa276:2209
[20257821ms] [WARNING] [Vue warn]: (deprecation COMPONENT_FUNCTIONAL) (12) 
  at <BFormSelect options= [Object, Object, Object, Object] size="sm" class="sort-select"  ... > 
  at <ResultHeader2 current-count=0 total-count=0 filters= {}  ... > 
  at <BCol md="9" class="results" > 
  at <BRow> 
  at <BOverlay rounded="sm" show=false variant="white"  ... > 
  at <BContainer fluid="md" class="mt-3" textQuery="water"  ... > 
  at <Search2 textQuery="water" resourceType=undefined exact="false"  ... > 
  at <RouterView> 
  at <App> @ http://localhost:5174/node_modules/.vite/deps/chunk-77GDWHOT.js?v=79eaa276:2209
[20257822ms] [WARNING] [Vue warn]: (deprecation INSTANCE_SCOPED_SLOTS) (9) 
  at <BFormSelect options= [Object, Object, Object, Object] size="sm" class="sort-select"  ... > 
  at <ResultHeader2 current-count=0 total-count=0 filters= {}  ... > 
  at <BCol md="9" class="results" > 
  at <BRow> 
  at <BOverlay rounded="sm" show=false variant="white"  ... > 
  at <BContainer fluid="md" class="mt-3" textQuery="water"  ... > 
  at <Search2 textQuery="water" resourceType=undefined exact="false"  ... > 
  at <RouterView> 
  at <App> @ http://localhost:5174/node_modules/.vite/deps/chunk-77GDWHOT.js?v=79eaa276:2209
[20257823ms] [WARNING] [Vue warn]: (deprecation INSTANCE_LISTENERS) (17) 
  at <BFormSelectOption textContent="Name" key="option_0" value="name"  ... > 
  at <BFormSelect options= [Object, Object, Object, Object] size="sm" class="sort-select"  ... > 
  at <ResultHeader2 current-count=0 total-count=0 filters= {}  ... > 
  at <BCol md="9" class="results" > 
  at <BRow> 
  at <BOverlay rounded="sm" show=false variant="white"  ... > 
  at <BContainer fluid="md" class="mt-3" textQuery="water"  ... > 
  at <Search2 textQuery="water" resourceType=undefined exact="false"  ... > 
  at <RouterView> 
  at <App> @ http://localhost:5174/node_modules/.vite/deps/chunk-77GDWHOT.js?v=79eaa276:2209
[20257825ms] [WARNING] [Vue warn]: (deprecation ATTR_FALSE_VALUE) (2) 
  at <BFormSelect options= [Object, Object, Object, Object] size="sm" class="sort-select"  ... > 
  at <ResultHeader2 current-count=0 total-count=0 filters= {}  ... > 
  at <BCol md="9" class="results" > 
  at <BRow> 
  at <BOverlay rounded="sm" show=false variant="white"  ... > 
  at <BContainer fluid="md" class="mt-3" textQuery="water"  ... > 
  at <Search2 textQuery="water" resourceType=undefined exact="false"  ... > 
  at <RouterView> 
  at <App> @ http://localhost:5174/node_modules/.vite/deps/chunk-77GDWHOT.js?v=79eaa276:2209
[20257827ms] [WARNING] [Vue warn]: (deprecation INSTANCE_LISTENERS) (18) 
  at <BVTransition onAfter-enter=fn<afterEnter> onAfter-leave=fn<afterLeave> noFade=false  ... > 
  at <BOverlay rounded="sm" show=false variant="white"  ... > 
  at <BContainer fluid="md" class="mt-3" textQuery="water"  ... > 
  at <Search2 textQuery="water" resourceType=undefined exact="false"  ... > 
  at <RouterView> 
  at <App> @ http://localhost:5174/node_modules/.vite/deps/chunk-77GDWHOT.js?v=79eaa276:2209
[20257854ms] [WARNING] [Vue warn]: (deprecation CUSTOM_DIR) Custom directive hook "inserted" has been removed. Use "mounted" instead.
  Details: https://v3-migration.vuejs.org/breaking-changes/custom-directives.html @ http://localhost:5174/node_modules/.vite/deps/chunk-77GDWHOT.js?v=79eaa276:2209
[20257863ms] [WARNING] [Vue warn]: (deprecation ATTR_FALSE_VALUE) Attribute "checked" with v-bind value `false` will render checked="false" instead of removing it in Vue 3. To remove the attribute, use `null` or `undefined` instead. If the usage is intended, you can disable the compat behavior and suppress this warning with:

  configureCompat({ ATTR_FALSE_VALUE: false })

  Details: https://v3-migration.vuejs.org/breaking-changes/attribute-coercion.html 
  at <BFormCheckbox class="small" checked=false onModelCompat:input=fn > 
  at <BCol md="3" class="sidebar" > 
  at <BRow> 
  at <BOverlay rounded="sm" show=true variant="white"  ... > 
  at <BContainer fluid="md" class="mt-3" textQuery="water"  ... > 
  at <Search2 textQuery="water" resourceType=undefined exact="false"  ... > 
  at <RouterView> 
  at <App> @ http://localhost:5174/node_modules/.vite/deps/chunk-77GDWHOT.js?v=79eaa276:2209
[20257866ms] [WARNING] [Vue warn]: (deprecation COMPONENT_FUNCTIONAL) (13) 
  at <ResultHeader2 current-count=0 total-count=0 filters= {placenames: Proxy(Array)}  ... > 
  at <BCol md="9" class="results" > 
  at <BRow> 
  at <BOverlay rounded="sm" show=true variant="white"  ... > 
  at <BContainer fluid="md" class="mt-3" textQuery="water"  ... > 
  at <Search2 textQuery="water" resourceType=undefined exact="false"  ... > 
  at <RouterView> 
  at <App> @ http://localhost:5174/node_modules/.vite/deps/chunk-77GDWHOT.js?v=79eaa276:2209
[20257867ms] [WARNING] [Vue warn]: (deprecation INSTANCE_LISTENERS) (19) 
  at <BSpinner small="" class="me-2" > 
  at <ResultHeader2 current-count=0 total-count=0 filters= {placenames: Proxy(Array)}  ... > 
  at <BCol md="9" class="results" > 
  at <BRow> 
  at <BOverlay rounded="sm" show=true variant="white"  ... > 
  at <BContainer fluid="md" class="mt-3" textQuery="water"  ... > 
  at <Search2 textQuery="water" resourceType=undefined exact="false"  ... > 
  at <RouterView> 
  at <App> @ http://localhost:5174/node_modules/.vite/deps/chunk-77GDWHOT.js?v=79eaa276:2209
[20257869ms] [WARNING] [Vue warn]: (deprecation INSTANCE_LISTENERS) (20) 
  at <BBadge variant="secondary" class="me-1" > 
  at <ResultHeader2 current-count=0 total-count=0 filters= {placenames: Proxy(Array)}  ... > 
  at <BCol md="9" class="results" > 
  at <BRow> 
  at <BOverlay rounded="sm" show=true variant="white"  ... > 
  at <BContainer fluid="md" class="mt-3" textQuery="water"  ... > 
  at <Search2 textQuery="water" resourceType=undefined exact="false"  ... > 
  at <RouterView> 
  at <App> @ http://localhost:5174/node_modules/.vite/deps/chunk-77GDWHOT.js?v=79eaa276:2209
[20257870ms] [WARNING] [Vue warn]: (deprecation COMPONENT_FUNCTIONAL) (14) 
  at <Results2 results= [] loading=true > 
  at <BCol md="9" class="results" > 
  at <BRow> 
  at <BOverlay rounded="sm" show=true variant="white"  ... > 
  at <BContainer fluid="md" class="mt-3" textQuery="water"  ... > 
  at <Search2 textQuery="water" resourceType=undefined exact="false"  ... > 
  at <RouterView> 
  at <App> @ http://localhost:5174/node_modules/.vite/deps/chunk-77GDWHOT.js?v=79eaa276:2209
[20257873ms] [WARNING] [Vue warn]: (deprecation COMPONENT_FUNCTIONAL) (15) 
  at <BCollapse visible=false > 
  at <FacetText2 key=0 facet-config= {field: resourceType, title: Resource Type, sort: acs, open: false, type: text} > 
  at <Facets2 facets= [Object, Object, Object, Object, Object, Object, Object, Object] > 
  at <BCol md="3" class="sidebar" > 
  at <BRow> 
  at <BOverlay rounded="sm" show=true variant="white"  ... > 
  at <BContainer fluid="md" class="mt-3" textQuery="water"  ... > 
  at <Search2 textQuery="water" resourceType=undefined exact="false"  ... > 
  at <RouterView> 
  at <App> @ http://localhost:5174/node_modules/.vite/deps/chunk-77GDWHOT.js?v=79eaa276:2209
[20258440ms] [WARNING] [Vue warn]: (deprecation COMPONENT_FUNCTIONAL) (16) 
  at <ResultItem2 key="urn:gleaner.io:eco:iedadata:data:ca75fbf44284a65a9458778ef372a7c2bd58b62b" result= {g: urn:gleaner.io:eco:iedadata:data:ca75fbf44284a65a9458778ef372a7c2bd58b62b, subj: DOI:10.15784/601205, name: Algal pigment concentrations from the Ross Sea, description: Abstract: Algal pigment concentrations as measured…l B. Palmer cruise in the Ross Sea from 2017-2018, datep: 2019} index=0 > 
  at <Results2 results= [Object, Object, Object, Object, Object, Object, Object, Object, Object, Object, Object, Object, Object] loading=false > 
  at <BCol md="9" class="results" > 
  at <BRow> 
  at <BOverlay rounded="sm" show=false variant="white"  ... > 
  at <BContainer fluid="md" class="mt-3" textQuery="water"  ... > 
  at <Search2 textQuery="water" resourceType=undefined exact="false"  ... > 
  at <RouterView> 
  at <App> @ http://localhost:5174/node_modules/.vite/deps/chunk-77GDWHOT.js?v=79eaa276:2209
[20258443ms] [WARNING] [Vue warn]: (deprecation INSTANCE_LISTENERS) (21) 
  at <BCard class="result-item" > 
  at <ResultItem2 key="urn:gleaner.io:eco:iedadata:data:ca75fbf44284a65a9458778ef372a7c2bd58b62b" result= {g: urn:gleaner.io:eco:iedadata:data:ca75fbf44284a65a9458778ef372a7c2bd58b62b, subj: DOI:10.15784/601205, name: Algal pigment concentrations from the Ross Sea, description: Abstract: Algal pigment concentrations as measured…l B. Palmer cruise in the Ross Sea from 2017-2018, datep: 2019} index=0 > 
  at <Results2 results= [Object, Object, Object, Object, Object, Object, Object, Object, Object, Object, Object, Object, Object] loading=false > 
  at <BCol md="9" class="results" > 
  at <BRow> 
  at <BOverlay rounded="sm" show=false variant="white"  ... > 
  at <BContainer fluid="md" class="mt-3" textQuery="water"  ... > 
  at <Search2 textQuery="water" resourceType=undefined exact="false"  ... > 
  at <RouterView> 
  at <App> @ http://localhost:5174/node_modules/.vite/deps/chunk-77GDWHOT.js?v=79eaa276:2209
[20258446ms] [WARNING] [Vue warn]: (deprecation COMPONENT_FUNCTIONAL) (17) 
  at <BCard class="result-item" > 
  at <ResultItem2 key="urn:gleaner.io:eco:iedadata:data:ca75fbf44284a65a9458778ef372a7c2bd58b62b" result= {g: urn:gleaner.io:eco:iedadata:data:ca75fbf44284a65a9458778ef372a7c2bd58b62b, subj: DOI:10.15784/601205, name: Algal pigment concentrations from the Ross Sea, description: Abstract: Algal pigment concentrations as measured…l B. Palmer cruise in the Ross Sea from 2017-2018, datep: 2019} index=0 > 
  at <Results2 results= [Object, Object, Object, Object, Object, Object, Object, Object, Object, Object, Object, Object, Object] loading=false > 
  at <BCol md="9" class="results" > 
  at <BRow> 
  at <BOverlay rounded="sm" show=false variant="white"  ... > 
  at <BContainer fluid="md" class="mt-3" textQuery="water"  ... > 
  at <Search2 textQuery="water" resourceType=undefined exact="false"  ... > 
  at <RouterView> 
  at <App> @ http://localhost:5174/node_modules/.vite/deps/chunk-77GDWHOT.js?v=79eaa276:2209
[20258448ms] [WARNING] [Vue warn]: (deprecation INSTANCE_LISTENERS) (22) 
  at <BCardBody bodyBgVariant=undefined bodyBorderVariant=undefined bodyClass=undefined  ... > 
  at <BCard class="result-item" > 
  at <ResultItem2 key="urn:gleaner.io:eco:iedadata:data:ca75fbf44284a65a9458778ef372a7c2bd58b62b" result= {g: urn:gleaner.io:eco:iedadata:data:ca75fbf44284a65a9458778ef372a7c2bd58b62b, subj: DOI:10.15784/601205, name: Algal pigment concentrations from the Ross Sea, description: Abstract: Algal pigment concentrations as measured…l B. Palmer cruise in the Ross Sea from 2017-2018, datep: 2019} index=0 > 
  at <Results2 results= [Object, Object, Object, Object, Object, Object, Object, Object, Object, Object, Object, Object, Object] loading=false > 
  at <BCol md="9" class="results" > 
  at <BRow> 
  at <BOverlay rounded="sm" show=false variant="white"  ... > 
  at <BContainer fluid="md" class="mt-3" textQuery="water"  ... > 
  at <Search2 textQuery="water" resourceType=undefined exact="false"  ... > 
  at <RouterView> 
  at <App> @ http://localhost:5174/node_modules/.vite/deps/chunk-77GDWHOT.js?v=79eaa276:2209
